Player,Team,Pos,GW1,GW2,GW3,GW4,GW5,GW6,Total,Price,Value
M.Salah,Liverpool,M,7.46,5.74,5.48,7.65,7.1,6.27,39.72,14.5m,2.74
Palmer,Chelsea,M,6.42,5.88,6.6,6.01,5.25,6.5,36.66,10.5m,3.49
Haaland,Man City,F,6.1,6.41,5.6,6.26,4.24,7.84,36.44,14m,2.6
Watkins,Aston Villa,F,5.12,4.93,5.34,4.5,5.67,5.35,30.91,9m,3.43
Saka,Arsenal,M,4.8,6.37,3.96,5.82,4.73,4.54,30.2,10m,3.02
B.Fernandes,Man Utd,M,4.3,4.43,5.79,3.95,4.53,4.62,27.61,9m,3.07
Bowen,West Ham,F,5.13,4.34,4.28,4.63,4.73,4.02,27.13,8m,3.39
Johnson,Tottenham,M,6.02,3.34,4.72,4.05,3.73,4.61,26.47,7m,3.78
Eze,Crystal Palace,M,3.82,4.85,3.96,5.71,4.27,3.83,26.44,7.5m,3.53
Wirtz,Liverpool,M,4.99,3.83,3.74,4.9,4.64,4.16,26.25,8.5m,3.09
Gyokeres,Arsenal,F,4.08,5.33,3.39,4.86,4.04,3.86,25.57,9m,2.84
Mbeumo,Man Utd,M,3.92,4.1,5.56,3.46,4.18,4.3,25.52,8m,3.19
Wood,Nott'm Forest,F,4.58,3.76,4.49,3.02,4.46,5.16,25.47,7.5m,3.4
Mitoma,Brighton,M,4.89,4.12,3.97,4.18,4.59,3.68,25.43,6.5m,3.91
Semenyo,Bournemouth,M,3.42,4.9,3.86,4.53,4.22,4.43,25.36,7m,3.62
Cunha,Man Utd,M,3.9,4.04,5.54,3.36,4.11,4.23,25.18,8m,3.15
Gakpo,Liverpool,M,5.08,3.74,3.58,4.53,4.21,3.71,24.84,7.5m,3.31
Ekitike,Liverpool,F,4.66,3.65,3.51,4.63,4.33,3.92,24.69,8.5m,2.9
Ndiaye,Everton,M,4.34,4.27,4.01,4.14,3.29,4.46,24.51,6.5m,3.77
Odegaard,Arsenal,M,3.91,5.06,3.29,4.67,3.85,3.71,24.49,8m,3.06
Joao Pedro,Chelsea,F,4.34,3.9,4.26,3.9,3.47,4.12,23.98,7.5m,3.2
Isak,Newcastle,F,1.7,4.05,4.85,5.12,4.4,3.83,23.94,10.5m,2.28
Mateta,Crystal Palace,F,3.46,4.38,3.58,5.17,3.87,3.46,23.92,7.5m,3.19
Tielemans,Aston Villa,M,3.98,3.86,4.09,3.71,4.18,4.07,23.89,6m,3.98
Strand Larsen,Wolves,F,3.68,3.89,4.26,3.51,4.84,3.63,23.81,6.5m,3.66
Evanilson,Bournemouth,F,3.22,4.5,3.6,4.21,3.94,4.14,23.61,7m,3.37
Rogers,Aston Villa,M,2.69,3.91,4.32,3.68,4.58,4.37,23.54,7m,3.36
Murillo,Nott'm Forest,D,4.11,3.59,4.17,2.88,4.1,4.67,23.53,5.5m,4.28
Minteh,Brighton,M,4.58,3.8,3.69,3.82,4.19,3.4,23.47,6m,3.91
Sarr,Crystal Palace,M,3.37,4.28,3.48,5.08,3.79,3.39,23.39,6.5m,3.6
Virgil,Liverpool,D,4.11,3.21,3.48,4.33,4.44,3.76,23.33,6m,3.89
Ward-Prowse,West Ham,M,4.36,3.77,3.72,3.91,4,3.53,23.28,6m,3.88
Gibbs-White,Nott'm Forest,M,4.15,3.41,4.08,2.82,4,4.7,23.17,7.5m,3.09
A.Becker,Liverpool,GK,3.86,3.4,3.57,4.13,4.23,3.74,22.93,5.5m,4.17
Milenkovic,Nott'm Forest,D,4.04,3.4,4.08,2.62,4.01,4.69,22.84,5.5m,4.15
Rice,Arsenal,M,3.74,4.3,3.41,4.11,3.66,3.58,22.8,6.5m,3.51
Enzo,Chelsea,M,3.99,3.7,4.01,3.74,3.42,3.94,22.8,6.5m,3.51
Pedro Porro,Tottenham,D,5.3,2.29,3.99,3.59,3.11,4.5,22.78,5.5m,4.14
Frimpong,Liverpool,D,4.48,3.15,3.29,4.24,4.16,3.44,22.76,6m,3.79
Iwobi,Fulham,M,3.59,3.8,3.23,4.41,4.23,3.42,22.68,6.5m,3.49
Anderson,Nott'm Forest,M,3.89,3.55,3.84,3.3,3.74,4.04,22.35,5.5m,4.06
Raya,Arsenal,GK,3.6,4.3,3.15,4.21,3.43,3.44,22.14,5.5m,4.02
Adingra,Sunderland,M,4.05,3.9,3.92,3.27,3.55,3.33,22.02,5.5m,4
Schade,Brentford,M,2.72,3.88,4.24,3.66,3.58,3.9,21.97,7m,3.14
Tarkowski,Everton,D,3.8,3.78,3.85,3.67,2.61,4.18,21.89,5.5m,3.98
L.Paqueta,West Ham,M,4.04,3.58,3.5,3.66,3.73,3.33,21.85,6m,3.64
Kudus,Tottenham,M,4.61,2.91,3.8,3.42,3.23,3.86,21.84,6.5m,3.36
Bruno G.,Newcastle,M,3.59,3.46,3.79,4,3.53,3.4,21.78,6.5m,3.35
Szoboszlai,Liverpool,M,4.29,3.29,3.2,3.92,3.71,3.32,21.74,6.5m,3.34
Gabriel,Arsenal,D,3.43,4.59,2.66,4.43,3.24,3.24,21.58,6m,3.6
Saliba,Arsenal,D,3.44,4.57,2.66,4.4,3.21,3.22,21.5,6m,3.58
Mac Allister,Liverpool,M,2.85,3.42,3.42,4.07,3.98,3.69,21.42,6.5m,3.3
Georginio,Brighton,M,4.1,3.45,3.37,3.51,3.84,3.14,21.4,6m,3.57
Gordon,Newcastle,M,3.54,3.25,3.86,4.13,3.44,3.12,21.34,7.5m,2.85
Lacroix,Crystal Palace,D,2.88,4.1,3.11,4.65,3.55,3.04,21.34,5m,4.27
Damsgaard,Brentford,M,3.58,3.56,3.77,3.44,3.39,3.56,21.3,6m,3.55
Gomes,Wolves,M,3.52,3.48,3.68,3.36,3.81,3.37,21.21,5.5m,3.86
Gittens,Chelsea,M,3.95,3.43,3.75,3.41,3.04,3.59,21.17,6.5m,3.26
Sanchez,Chelsea,GK,3.79,3.48,3.8,3.4,3.14,3.52,21.12,5m,4.22
Ndoye,Nott'm Forest,M,3.79,3.17,3.7,2.62,3.6,4.12,21,6m,3.5
Munoz,Crystal Palace,D,2.61,4.14,2.9,4.95,3.42,2.8,20.81,5.5m,3.78
Pickford,Everton,GK,3.53,3.54,3.58,3.46,2.84,3.82,20.77,5.5m,3.78
Barnes,Newcastle,M,4,3.39,3.88,3.71,3.08,2.69,20.76,6.5m,3.19
Caicedo,Chelsea,M,3.57,3.43,3.54,3.41,3.3,3.48,20.74,5.5m,3.77
James,Leeds,M,3.84,2.75,3.53,3.32,3.44,3.78,20.66,5.5m,3.76
Wan-Bissaka,West Ham,D,3.96,2.98,3.23,3.36,3.78,3.35,20.65,4.5m,4.59
Gnonto,Leeds,M,3.8,2.86,3.52,3.32,3.42,3.72,20.64,5.5m,3.75
Tavernier,Bournemouth,M,3.06,3.95,3.18,3.56,3.37,3.5,20.62,5.5m,3.75
Ederson M.,Man City,GK,3.57,3.48,3.15,3.47,2.86,4.08,20.62,5.5m,3.75
Wilson,Fulham,M,3.61,3.68,2.96,3.91,3.62,2.79,20.56,5.5m,3.74
Gvardiol,Man City,D,1.74,3.88,3.31,3.9,2.69,5.01,20.52,6m,3.42
Sels,Nott'm Forest,GK,3.52,3.18,3.55,2.81,3.51,3.92,20.48,5m,4.1
Rodrigo,Man City,M,0,4.16,3.9,4.17,3.56,4.66,20.45,6.5m,3.15
Diarra,Sunderland,M,3.64,3.51,3.51,3.22,3.32,3.23,20.43,5.5m,3.71
Piroe,Leeds,F,3.76,2.69,3.51,3.28,3.39,3.76,20.39,5.5m,3.71
Joelinton,Newcastle,M,3.4,3.27,3.55,3.73,3.23,3.16,20.35,6m,3.39
Vicario,Tottenham,GK,4,2.82,3.4,3.3,3.07,3.76,20.35,5m,4.07
Stach,Leeds,M,3.54,3.2,3.41,3.32,3.34,3.44,20.26,5m,4.05
James,Chelsea,D,3.89,3.23,3.78,3.19,2.67,3.45,20.22,5.5m,3.68
Carvalho,Brentford,M,3.58,3.5,3.67,3.17,3.05,3.22,20.19,5m,4.04
Neto,Chelsea,M,3.72,3.29,3.59,3.24,2.88,3.41,20.13,7m,2.88
Branthwaite,Everton,D,3.51,3.48,3.56,3.37,2.36,3.84,20.12,5.5m,3.66
Collins,Brentford,D,3.33,3.3,3.82,3.01,3.19,3.32,19.99,5m,4
Hudson-Odoi,Nott'm Forest,M,3.63,3.05,3.52,2.5,3.41,3.87,19.98,6m,3.33
Aït-Nouri,Man City,D,3.74,3.46,2.84,3.36,2.19,4.33,19.92,6m,3.32
Leno,Fulham,GK,3.11,3.39,2.93,3.78,3.63,3.03,19.87,5m,3.97
Solanke,Tottenham,F,2.05,2.93,3.95,3.54,3.36,3.99,19.82,7.5m,2.64
Henderson,Crystal Palace,GK,2.91,3.65,3.01,4.02,3.25,2.97,19.81,5m,3.96
Šesko,Man Utd,F,1.79,3.37,4.58,2.93,3.52,3.62,19.8,7.5m,2.64
Senesi,Bournemouth,D,2.36,4.33,2.89,3.49,3.22,3.43,19.72,4.5m,4.38
Wieffer,Brighton,M,3.78,3.28,3.22,3.15,3.3,2.99,19.71,5m,3.94
Gana,Everton,M,3.35,3.31,3.26,3.28,3.1,3.4,19.7,5.5m,3.58
Anthony,Burnley,M,3.11,4.05,3,2.96,3.54,2.85,19.51,5.5m,3.55
Romero,Tottenham,D,4.48,2.01,3.35,3.08,2.67,3.88,19.47,5m,3.89
Dewsbury-Hall,Everton,M,3.41,3.32,3.18,3.26,2.8,3.47,19.44,5m,3.89
Doku,Man City,M,3.63,3.42,3,3.21,2.36,3.78,19.41,6.5m,2.99
Konsa,Aston Villa,D,2.91,2.87,3.47,3.08,3.55,3.45,19.33,4.5m,4.3
Verbruggen,Brighton,GK,3.67,3.39,2.98,3.05,3.35,2.87,19.31,4.5m,4.29
Tonali,Newcastle,M,3.24,3.12,3.35,3.49,3.09,3.02,19.31,5.5m,3.51
Casemiro,Man Utd,M,3.39,3.18,3.61,2.95,3.08,3.08,19.28,5.5m,3.51
Cucurella,Chelsea,D,3.71,3.07,3.59,3.02,2.54,3.26,19.2,6m,3.2
Pope,Newcastle,GK,3.05,2.98,3.36,3.73,3.01,3.06,19.2,5m,3.84
Petrovic,Bournemouth,GK,2.79,3.69,2.98,3.27,3.15,3.24,19.11,4.5m,4.25
Grealish,Everton,M,2.17,3.57,3.33,3.5,2.63,3.88,19.09,6.5m,2.94
Xhaka,Sunderland,M,3.44,3.31,3.33,2.9,3.08,2.93,18.99,5m,3.8
Jose Sa,Wolves,GK,2.96,3.02,3.65,2.88,3.55,2.92,18.99,4.5m,4.22
Amad,Man Utd,M,2.35,3.13,4.17,2.75,3.25,3.34,18.98,6.5m,2.92
Thiago,Brentford,F,3.29,3.26,3.46,2.99,2.88,3.07,18.95,6m,3.16
Andre,Wolves,M,3.21,3.12,3.23,3.09,3.22,3.08,18.94,5.5m,3.44
Schär,Newcastle,D,2.85,2.7,3.45,4.05,2.84,2.91,18.81,5.5m,3.42
Hannibal,Burnley,M,3.09,3.48,2.99,3.01,3.24,2.98,18.8,5m,3.76
Fullkrug,West Ham,F,3.59,3.06,2.99,3.17,3.21,2.77,18.79,6m,3.13
N.Williams,Nott'm Forest,D,3.29,2.77,3.36,2.13,3.31,3.9,18.77,5m,3.75
Cherki,Man City,M,3.52,3.31,2.89,3.11,2.28,3.65,18.76,6.5m,2.89
Konate,Liverpool,D,3.48,2.53,2.79,3.45,3.55,2.94,18.75,5.5m,3.41
O'Riley,Brighton,M,3.72,3.08,2.95,2.98,3.22,2.64,18.59,5.5m,3.38
Andersen,Fulham,D,2.86,3.24,2.45,3.75,3.55,2.64,18.49,4.5m,4.11
Aina,Nott'm Forest,D,3.29,2.68,3.35,1.91,3.3,3.96,18.48,5m,3.7
Kerkez,Liverpool,D,3.37,2.44,2.67,3.46,3.55,2.97,18.45,6m,3.08
Kilman,West Ham,D,3.43,2.64,2.88,2.94,3.32,3.04,18.27,4.5m,4.06
Matheus N.,Man City,D,3.7,3.15,2.67,2.98,2.16,3.57,18.22,5.5m,3.31
Cullen,Burnley,M,2.96,3.45,2.87,2.88,3.16,2.85,18.17,5m,3.63
Martinelli,Arsenal,M,3.01,3.73,2.48,3.37,2.81,2.7,18.11,7m,2.59
Guehi,Crystal Palace,D,2.26,3.63,2.51,4.26,2.99,2.43,18.08,4.5m,4.02
Roefs,Sunderland,GK,3.19,3.14,3.12,2.85,2.9,2.85,18.03,4.5m,4.01
Ruben,Man City,D,3.34,3.06,2.56,3.04,2.11,3.88,17.98,5.5m,3.27
Agbadou,Wolves,D,2.61,2.74,3.71,2.57,3.65,2.68,17.95,4.5m,3.99
Marmoush,Man City,M,3.34,2.93,2.66,3.01,2.21,3.74,17.87,8.5m,2.1
J.Murphy,Newcastle,M,3.36,2.95,3.3,3.17,2.67,2.4,17.84,6.5m,2.75
McGinn,Aston Villa,M,2.95,2.84,3.08,2.73,3.16,3.07,17.82,5.5m,3.24
Burn,Newcastle,D,2.64,2.57,3.25,3.84,2.66,2.82,17.78,5m,3.56
Richards,Crystal Palace,D,2.37,3.48,2.55,3.97,2.94,2.48,17.78,4.5m,3.95
Perri,Leeds,GK,3.41,2.68,2.93,2.86,2.95,2.9,17.73,4.5m,3.94
Wharton,Crystal Palace,M,3.05,3.11,2.88,3.16,2.78,2.71,17.69,5m,3.54
Zubimendi,Arsenal,M,2.9,3.24,2.69,3.14,2.83,2.78,17.59,5.5m,3.2
Bernardo,Man City,M,3.33,3.09,2.7,2.91,2.16,3.39,17.58,6.5m,2.7
J.Palhinha,Tottenham,M,2.06,2.88,3.21,3.07,3.01,3.34,17.57,5.5m,3.19
J.Arias,Wolves,M,2.74,2.8,3.1,2.66,3.4,2.74,17.44,5.5m,3.17
Toti,Wolves,D,2.44,2.61,3.73,2.4,3.68,2.54,17.41,4.5m,3.87
Richarlison,Tottenham,F,4.34,2.45,3.14,2.55,2.32,2.6,17.4,6.5m,2.68
Ayari,Brighton,M,3.27,2.86,2.81,2.8,2.94,2.64,17.32,5m,3.46
Areola,West Ham,GK,3.22,2.76,2.82,2.79,2.95,2.76,17.29,4.5m,3.84
Fer Lopez,Wolves,M,2.72,2.79,3.1,2.59,3.4,2.67,17.26,5.5m,3.14
Van de Ven,Tottenham,D,4.08,1.63,2.98,2.73,2.3,3.52,17.23,4.5m,3.83
Jensen,Brentford,M,3.08,2.95,3.05,2.69,2.61,2.69,17.09,5m,3.42
O'Brien,Everton,D,3.03,2.97,3.02,2.86,1.79,3.37,17.04,5m,3.41
Wissa,Brentford,F,2.05,2.58,3.32,2.96,2.91,3.17,16.99,7.5m,2.27
Mitchell,Crystal Palace,D,2.11,3.42,2.35,4.02,2.82,2.25,16.98,5m,3.4
N.Aguerd,West Ham,D,3.24,2.43,2.65,2.74,3.1,2.77,16.94,4.5m,3.76
Yarmoliuk,Brentford,M,2.93,2.83,2.88,2.78,2.73,2.78,16.93,5m,3.39
Kamara,Aston Villa,M,2.86,2.76,2.87,2.71,2.82,2.8,16.83,5m,3.37
Diouf,West Ham,D,3.26,2.37,2.61,2.72,3.11,2.74,16.82,4.5m,3.74
Cash,Aston Villa,D,2.56,2.47,3.01,2.62,3.09,3.01,16.76,4.5m,3.72
Adams,Bournemouth,M,3.01,3.1,2.73,2.67,2.59,2.59,16.69,5m,3.34
Garner,Everton,M,2.82,2.79,2.73,2.76,2.59,2.88,16.58,5m,3.32
Struijk,Leeds,D,3.47,2.01,2.7,2.67,2.88,2.85,16.58,4.5m,3.68
Martinez,Aston Villa,GK,0,3.04,3.41,3.18,3.47,3.43,16.53,5m,3.31
Tete,Fulham,D,2.53,2.86,2.12,3.41,3.22,2.34,16.49,4.5m,3.66
Sessegnon,Fulham,M,1.41,2.97,2.48,3.52,3.38,2.68,16.44,5.5m,2.99
Talbi,Sunderland,M,3.18,2.96,2.9,2.42,2.55,2.41,16.41,5m,3.28
Tosin,Chelsea,D,3.59,2.87,3.08,2.43,2.05,2.38,16.4,4.5m,3.64
Kelleher,Brentford,GK,2.66,2.68,2.93,2.55,2.62,2.69,16.13,4.5m,3.58
Reijnders,Man City,M,2.94,2.76,2.5,2.67,2.19,3.02,16.08,5.5m,2.92
Sadiki,Sunderland,M,3.15,2.91,2.81,2.42,2.45,2.33,16.07,5m,3.21
Todibo,West Ham,D,3.03,2.31,2.54,2.57,2.92,2.68,16.06,4.5m,3.57
Van den Berg,Brentford,D,2.69,2.62,3.07,2.39,2.58,2.67,16.02,4.5m,3.56
Foden,Man City,M,2.09,2.8,2.54,2.87,2.11,3.57,15.98,8m,2
Livramento,Newcastle,D,2.42,2.27,2.94,3.44,2.4,2.48,15.96,5m,3.19
Rodon,Leeds,D,3.31,1.97,2.57,2.58,2.78,2.71,15.91,4m,3.98
Potts,West Ham,M,2.99,2.76,2.65,2.56,2.56,2.39,15.91,4.5m,3.54
Van Hecke,Brighton,D,3.44,2.97,2.19,2.37,2.92,2.01,15.9,4.5m,3.53
Baleba,Brighton,M,1.56,2.82,2.82,2.83,2.97,2.79,15.79,5m,3.16
Lewis-Skelly,Arsenal,D,2.54,3.24,2.02,3.18,2.38,2.39,15.74,5.5m,2.86
Berge,Fulham,M,2.65,2.6,2.53,2.74,2.69,2.53,15.73,5m,3.15
Ballard,Sunderland,D,2.96,2.87,2.81,2.28,2.34,2.29,15.55,4.5m,3.45
Onana,Man Utd,GK,1.62,2.73,3.32,2.38,2.69,2.79,15.54,5m,3.11
Mayenda,Sunderland,F,3.11,2.84,2.76,2.25,2.37,2.2,15.52,5.5m,2.82
P.M.Sarr,Tottenham,M,3.48,2.44,2.7,2.33,2.17,2.37,15.5,5m,3.1
Dorgu,Man Utd,D,2.46,2.62,3.82,1.58,2.41,2.6,15.49,4.5m,3.44
Robinson,Fulham,D,0,2.8,2.38,3.92,3.71,2.67,15.48,5m,3.1
Truffert,Bournemouth,D,1.85,3.51,2.24,2.71,2.49,2.66,15.47,4.5m,3.44
Hughes,Crystal Palace,M,2.61,2.74,2.47,2.84,2.39,2.36,15.41,5m,3.08
Mykolenko,Everton,D,1.66,2.84,2.91,2.78,1.79,3.27,15.25,5m,3.05
De Ligt,Man Utd,D,2.53,2.58,3.49,1.74,2.38,2.53,15.25,5m,3.05
Yoro,Man Utd,D,2.5,2.6,3.61,1.66,2.35,2.52,15.24,4.5m,3.39
Ampadu,Leeds,M,2.72,2.31,2.54,2.47,2.52,2.59,15.15,5m,3.03
Mount,Man Utd,M,2.68,2.55,3.22,2.08,2.3,2.28,15.1,6m,2.52
Foster,Burnley,F,2.78,3.41,2.37,2.14,2.47,1.88,15.05,5m,3.01
Pau,Aston Villa,D,2.28,2.21,2.69,2.4,2.75,2.68,15.02,4.5m,3.34
Hall,Newcastle,D,1.1,2.34,3.02,3.51,2.49,2.51,14.97,5.5m,2.72
Raul,Fulham,F,2.56,2.51,2.09,2.87,2.74,2.2,14.97,6.5m,2.3
Yates,Nott'm Forest,M,2.65,2.41,2.56,2.2,2.38,2.54,14.73,5m,2.95
Bassey,Fulham,D,2.15,2.59,1.78,3.18,2.98,2.03,14.71,4.5m,3.27
Gudmundsson,Leeds,D,3.15,1.67,2.37,2.36,2.58,2.55,14.68,4m,3.67
Scott,Bournemouth,M,2.9,3.03,2.42,2.25,2.07,2.01,14.66,5m,2.93
Kayode,Brentford,D,2.46,2.4,2.87,2.16,2.31,2.44,14.65,4.5m,3.25
De Cuyper,Brighton,D,3.2,2.7,1.99,2.19,2.71,1.81,14.61,4.5m,3.25
Kluivert,Bournemouth,M,0,2.99,2.64,3.04,2.87,3.02,14.57,7m,2.08
Tanaka,Leeds,M,2.8,2.3,2.48,2.3,2.29,2.35,14.53,5m,2.91
Gundogan,Man City,M,2.91,2.57,2.27,2.34,1.81,2.61,14.51,6.5m,2.23
Bailey,Aston Villa,M,2.61,2.37,2.52,2.1,2.49,2.34,14.45,5.5m,2.63
Gravenberch,Liverpool,M,0,2.74,2.8,3,3.02,2.89,14.44,5.5m,2.63
Spence,Tottenham,D,3.75,1.49,2.52,2.2,1.83,2.62,14.41,4.5m,3.2
C.Jones,Liverpool,M,3.03,2.26,2.2,2.44,2.32,2.09,14.35,5.5m,2.61
Doherty,Wolves,D,2.19,2.27,3.12,1.9,2.93,1.94,14.35,4.5m,3.19
Bogle,Leeds,D,2.79,1.6,2.37,2.35,2.57,2.62,14.29,4.5m,3.18
Maatsen,Aston Villa,D,2.28,2.14,2.53,2.19,2.58,2.48,14.2,4.5m,3.16
Fofana,Chelsea,D,0.94,2.61,3.05,2.57,2.2,2.77,14.13,4.5m,3.14
Ugochukwu,Burnley,M,1.37,2.89,2.39,2.41,2.65,2.37,14.07,5m,2.81
White,Arsenal,D,2.29,2.97,1.71,2.8,2.05,2.03,13.85,5.5m,2.52
Lukic,Fulham,M,2.35,2.28,2.17,2.45,2.37,2.16,13.79,5m,2.76
Bentancur,Tottenham,M,3.11,2.2,2.39,2.06,1.93,2.07,13.76,5.5m,2.5
Lewis-Potter,Brentford,D,2.69,2.43,2.63,1.96,1.97,2.02,13.71,5m,2.74
Esteve,Burnley,D,1.97,3.31,1.98,1.89,2.79,1.48,13.42,4m,3.36
Hume,Sunderland,D,2.68,2.54,2.45,1.88,1.95,1.88,13.37,4.5m,2.97
Walker,Burnley,D,1.96,3.45,1.91,1.79,2.82,1.35,13.28,4.5m,2.95
Ekdal,Burnley,D,1.99,3.27,1.95,1.85,2.75,1.45,13.26,4m,3.32
Elanga,Newcastle,M,1.69,0.61,1.45,3.51,3.12,2.85,13.23,7m,1.89
King,Fulham,M,2.38,2.24,2.04,2.33,2.23,1.97,13.19,4.5m,2.93
Barry,Everton,F,2.49,2.25,2.11,2.19,1.78,2.33,13.15,6m,2.19
O.Dango,Bournemouth,M,2.49,2.81,2.02,2,1.84,1.85,13.01,6m,2.17
Dunk,Brighton,D,3.07,2.5,1.77,1.88,2.29,1.5,13.01,4.5m,2.89
Muniz,Fulham,F,2.17,2.07,1.77,2.5,2.44,2.01,12.95,5.5m,2.36
Hoever,Wolves,D,1.73,1.87,2.81,1.7,2.78,1.82,12.71,4m,3.18
Henry,Brentford,D,2.16,2.09,2.52,1.83,1.98,2.1,12.68,4.5m,2.82
Munetsi,Wolves,M,2.02,1.98,2.17,1.92,2.43,2,12.52,5.5m,2.28
Trippier,Newcastle,D,2.49,2.09,2.48,2.3,1.59,1.49,12.43,5m,2.49
Hartman,Burnley,D,1.82,3.23,1.78,1.67,2.64,1.25,12.38,4m,3.09
Reinildo,Sunderland,D,2.44,2.31,2.25,1.76,1.83,1.78,12.36,4m,3.09
Dubravka,Burnley,GK,0.29,2.67,2.25,2.25,2.59,2.21,12.25,4m,3.06
Bellegarde,Wolves,M,1.96,1.92,2.11,1.86,2.37,1.94,12.16,5.5m,2.21
Brooks,Bournemouth,M,2.22,2.61,1.87,1.87,1.71,1.72,12,5m,2.4
Hill,Bournemouth,D,1.85,2.86,1.8,1.91,1.74,1.78,11.94,4m,2.99
J.Ramsey,Aston Villa,M,2.04,1.89,2.02,1.78,2.03,1.96,11.72,5.5m,2.13
Broja,Burnley,F,0.73,2.67,2.03,2,2.37,1.9,11.71,5.5m,2.13
Janelt,Brentford,M,0,1.98,2.45,2.35,2.33,2.41,11.52,5m,2.3
Chalobah,Chelsea,D,2.4,1.8,2.04,1.79,1.58,1.89,11.5,5m,2.3
Laurent,Burnley,M,2.33,2.26,1.83,1.67,1.73,1.5,11.31,5m,2.26
Beto,Everton,F,2.1,1.85,1.77,1.91,1.58,2.09,11.29,5.5m,2.05
Bergvall,Tottenham,M,2.27,1.7,1.87,1.79,1.74,1.89,11.27,5.5m,2.05
Seelt,Sunderland,D,2.57,2.28,2.07,1.49,1.45,1.36,11.23,4m,2.81
Gomez,Brighton,M,2.22,1.87,1.81,1.74,1.8,1.58,11.02,5m,2.2
Malen,Aston Villa,M,1.87,1.72,1.86,1.64,1.99,1.91,10.99,5.5m,2
Smith,Bournemouth,D,1.08,2.64,1.49,1.95,1.76,1.92,10.83,4.5m,2.41
Shaw,Man Utd,D,1.97,1.92,2.68,1.06,1.53,1.58,10.74,4.5m,2.39
Digne,Aston Villa,D,1.56,1.49,1.79,1.65,1.94,1.91,10.34,4.5m,2.3
H.Traore,Bournemouth,M,2.19,2.31,1.6,1.5,1.37,1.36,10.34,4.5m,2.3
Dalot,Man Utd,D,1.76,1.7,2.33,1.1,1.55,1.64,10.08,4.5m,2.24
Hee Chan,Wolves,M,1.61,1.53,1.7,1.49,1.96,1.57,9.86,6m,1.64
Ake,Man City,D,2.15,1.63,1.38,1.56,1.11,1.89,9.72,5.5m,1.77
Kamada,Crystal Palace,M,0.94,1.78,1.63,1.95,1.7,1.66,9.67,5m,1.93
Lerma,Crystal Palace,M,1.66,1.58,1.49,1.74,1.58,1.58,9.62,5m,1.92
J.Timber,Arsenal,D,1.56,2.01,1.18,1.96,1.44,1.44,9.59,5.5m,1.74
Cook,Bournemouth,M,0,0,2.26,2.32,2.28,2.33,9.19,5m,1.84
Estêvao,Chelsea,M,1.85,1.36,1.52,1.48,1.37,1.61,9.19,6.5m,1.41
Longstaff,Leeds,M,1.61,1.28,1.49,1.5,1.56,1.68,9.13,5m,1.83
H.Bueno,Wolves,D,1.27,1.31,1.9,1.22,1.92,1.31,8.94,4.5m,1.99
Sangare,Nott'm Forest,M,1.48,1.43,1.53,1.41,1.49,1.57,8.91,5m,1.78
Tel,Tottenham,M,2.13,1.09,1.47,1.37,1.31,1.55,8.91,6.5m,1.37
Marc Guiu,Sunderland,F,0.43,1.63,1.86,1.61,1.71,1.65,8.88,4.5m,1.97
Christie,Bournemouth,M,0,0.37,0.87,2.5,2.51,2.58,8.83,5m,1.77
Igor Jesus,Nott'm Forest,F,1.53,1.37,1.55,1.18,1.48,1.61,8.72,6m,1.45
Alcaraz,Everton,M,1.84,1.48,1.39,1.38,1.13,1.43,8.65,5.5m,1.57
O'Nien,Sunderland,D,0,0.35,1.07,2.3,2.46,2.44,8.62,4m,2.16
Buendia,Aston Villa,M,1.53,1.38,1.47,1.3,1.5,1.44,8.62,5.5m,1.57
Soucek,West Ham,M,1.58,1.33,1.36,1.41,1.44,1.31,8.43,6m,1.41
Sonne,Burnley,D,1.44,2.22,1.22,1.06,1.55,0.75,8.24,4m,2.06
Udogie,Tottenham,D,0.58,1.01,1.66,1.58,1.37,1.96,8.15,4.5m,1.81
Aznou,Everton,D,1.78,1.44,1.43,1.26,0.82,1.36,8.09,4.5m,1.8
McNeil,Everton,M,1.73,1.34,1.27,1.29,1.06,1.36,8.07,6m,1.34
Mosquera,Wolves,D,0.38,1.32,1.81,1.26,1.81,1.33,7.9,4.5m,1.75
Havertz,Arsenal,F,1.28,1.49,1.08,1.42,1.24,1.2,7.7,7.5m,1.03
Gusto,Chelsea,D,0.98,1.27,1.49,1.33,1.16,1.45,7.68,5m,1.54
Trossard,Arsenal,M,0.4,1.68,1.19,1.6,1.37,1.34,7.59,7m,1.08
Welbeck,Brighton,F,1.26,1.1,1.15,1.28,1.41,1.24,7.44,6.5m,1.14
Odobert,Tottenham,M,1.69,0.93,1.19,1.14,1.1,1.26,7.31,5.5m,1.33
Jota,Nott'm Forest,M,1.25,1.13,1.28,1,1.23,1.36,7.24,5.5m,1.32
Calafiori,Arsenal,D,1.14,1.44,0.9,1.46,1.12,1.12,7.19,5.5m,1.31
Milambo,Brentford,M,1.52,1.12,1.11,1.09,1.1,1.19,7.13,5.5m,1.3
Smith Rowe,Fulham,M,1.25,1.07,0.93,1.32,1.3,1.1,6.97,6m,1.16
B.Badiashile,Chelsea,D,0.51,1.23,1.42,1.28,1.14,1.38,6.95,4.5m,1.55
Madueke,Arsenal,M,1.13,1.32,0.95,1.26,1.09,1.06,6.8,7m,0.97
Bradley,Liverpool,D,0.4,0.95,1.06,1.47,1.53,1.34,6.74,5m,1.35
Robertson,Liverpool,D,1.17,0.78,0.87,1.21,1.26,1.12,6.4,6m,1.07
Andreas,Fulham,M,1.11,0.96,0.85,1.21,1.2,1.03,6.36,5.5m,1.16
Coppola,Brighton,D,1.26,1.09,0.87,0.97,1.17,0.87,6.24,4.5m,1.39
E.Le Fee,Sunderland,M,1.33,1.09,1.02,0.87,0.91,0.91,6.14,5m,1.23
Esse,Crystal Palace,M,1.07,0.99,0.88,1.13,0.95,0.91,5.95,5m,1.19
J.Cuenca,Fulham,D,1.2,1.06,0.76,1.12,1.04,0.76,5.93,4.5m,1.32
Akanji,Man City,D,1.26,0.87,0.79,0.98,0.72,1.29,5.9,5.5m,1.07
Heaven,Man Utd,D,1.06,0.92,1.24,0.64,0.87,0.93,5.66,4m,1.42
Harrison,Leeds,M,0.92,0.72,0.88,0.94,1,1.11,5.57,5.5m,1.01
Bruun Larsen,Burnley,M,1.07,0.99,0.77,0.82,1.04,0.84,5.52,5.5m,1
Norgaard,Arsenal,M,0.93,0.99,0.83,0.98,0.89,0.88,5.49,5.5m,1
Weiss,Burnley,GK,2.45,0.77,0.54,0.54,0.62,0.54,5.47,4.5m,1.21
G.Rodriguez,West Ham,M,0.98,0.87,0.89,0.9,0.92,0.88,5.45,5m,1.09
Edwards,Burnley,M,1.08,0.97,0.78,0.81,0.97,0.81,5.42,5m,1.08
N.Gonzalez,Man City,M,1.2,0.83,0.78,0.87,0.73,1,5.4,6m,0.9
Delap,Chelsea,F,1.13,0.78,0.87,0.86,0.8,0.94,5.38,6.5m,0.83
Adama,Fulham,M,0.98,0.82,0.71,1,1,0.85,5.37,5.5m,0.98
Roberts,Burnley,D,0,1.59,0.9,0.86,1.38,0.63,5.35,4.5m,1.19
Maguire,Man Utd,D,0.91,0.82,1.13,0.65,0.88,0.96,5.35,4.5m,1.19
Merino,Arsenal,M,0.85,0.98,0.76,0.99,0.89,0.88,5.34,6m,0.89
Onana,Aston Villa,M,0.87,0.81,0.88,0.85,0.95,0.95,5.31,5m,1.06
Wilson,West Ham,F,0.92,0.78,0.83,0.91,0.94,0.85,5.24,6m,0.87
Aaronson,Leeds,M,0.86,0.68,0.83,0.88,0.93,1.03,5.22,5.5m,0.95
Mundle,Sunderland,M,0,1.03,1.17,0.95,1.03,1.01,5.19,5m,1.04
Osula,Newcastle,F,1.29,0.9,0.9,0.73,0.65,0.62,5.09,5.5m,0.93
Nketiah,Crystal Palace,F,0,0.93,0.91,1.19,0.98,0.93,4.94,5.5m,0.9
Lavia,Chelsea,M,1.08,0.75,0.79,0.76,0.72,0.78,4.89,5m,0.98
Mings,Aston Villa,D,0.76,0.7,0.84,0.78,0.9,0.89,4.87,4.5m,1.08
Elliott,Liverpool,M,1.27,0.57,0.6,0.8,0.81,0.77,4.81,5.5m,0.87
Nmecha,Leeds,F,0.85,0.64,0.78,0.78,0.81,0.9,4.76,5m,0.95
R.Gomes,Wolves,D,0.68,0.66,0.87,0.68,1.01,0.76,4.67,4.5m,1.04
Bornauw,Leeds,D,1.05,0.59,0.74,0.74,0.78,0.76,4.66,4m,1.17
Bayindir,Man Utd,GK,1.61,0.64,0.74,0.49,0.54,0.54,4.56,5m,0.91
Castagne,Fulham,D,0.95,0.8,0.57,0.85,0.79,0.57,4.52,4.5m,1.01
Botman,Newcastle,D,0.81,0.64,0.76,0.83,0.68,0.76,4.49,5m,0.9
Jair Cunha,Nott'm Forest,D,0.72,0.66,0.79,0.56,0.8,0.92,4.46,4.5m,0.99
Kiwior,Arsenal,D,0.68,0.82,0.54,0.84,0.65,0.66,4.19,5.5m,0.76
M.Bizot,Aston Villa,GK,3.24,0.17,0.18,0.17,0.19,0.18,4.13,4.5m,0.92
Boscagli,Brighton,D,0.86,0.71,0.58,0.64,0.77,0.57,4.12,4.5m,0.92
Huggins,Sunderland,D,1.07,0.82,0.71,0.48,0.49,0.47,4.03,4m,1.01
Sinisterra,Bournemouth,M,0.87,0.89,0.55,0.56,0.53,0.56,3.96,5m,0.79
Ugarte,Man Utd,M,0.73,0.58,0.69,0.62,0.66,0.68,3.96,5m,0.79
Valdimarsson,Brentford,GK,0.63,0.64,0.7,0.61,0.63,0.64,3.84,4m,0.96
Bissouma,Tottenham,M,0.88,0.51,0.6,0.59,0.58,0.65,3.81,5.5m,0.69
Guessand,Aston Villa,M,0.65,0.6,0.64,0.57,0.68,0.66,3.81,6.5m,0.59
Hinshelwood,Brighton,M,0.58,0.53,0.56,0.64,0.73,0.66,3.69,5.5m,0.67
L.Guilherme,West Ham,M,0.73,0.59,0.6,0.6,0.61,0.54,3.67,5m,0.73
Mepham,Bournemouth,D,0.57,0.84,0.47,0.57,0.57,0.63,3.66,4m,0.91
Danso,Tottenham,D,0.98,0.37,0.56,0.55,0.49,0.65,3.6,4.5m,0.8
Iroegbunam,Everton,M,0.69,0.54,0.55,0.59,0.57,0.64,3.58,5m,0.72
Zirkzee,Man Utd,F,0.29,0.57,0.71,0.58,0.65,0.68,3.49,6m,0.58
Stones,Man City,D,0.75,0.48,0.44,0.56,0.41,0.74,3.39,5.5m,0.62
George,Chelsea,M,0.76,0.49,0.54,0.53,0.49,0.56,3.37,5m,0.67
Nwaneri,Arsenal,M,0.56,0.63,0.47,0.61,0.53,0.52,3.32,5.5m,0.6
Veltman,Brighton,D,0.65,0.55,0.45,0.52,0.64,0.48,3.3,4.5m,0.73
Kulusevski,Tottenham,M,0,0,0,0.54,0.91,1.7,3.15,6.5m,0.48
J.Araujo,Bournemouth,D,0.46,0.73,0.39,0.5,0.49,0.56,3.13,4m,0.78
Bijol,Leeds,D,0,0.49,0.62,0.63,0.68,0.67,3.08,4m,0.77
Diop,Fulham,D,0.65,0.52,0.38,0.58,0.54,0.4,3.06,4.5m,0.68
Bobb,Man City,M,0.63,0.43,0.42,0.51,0.41,0.65,3.04,5.5m,0.55
Koleosho,Burnley,M,0.68,0.54,0.43,0.43,0.51,0.42,3.02,5m,0.6
Jimoh-Aloba,Aston Villa,M,0.49,0.45,0.49,0.45,0.51,0.5,2.9,4.5m,0.64
Davies,Tottenham,D,0.76,0.27,0.44,0.44,0.39,0.54,2.83,4.5m,0.63
Schmidt,Leeds,D,0.67,0.36,0.45,0.43,0.45,0.43,2.79,4m,0.7
Nkunku,Chelsea,M,0.67,0.42,0.45,0.42,0.39,0.44,2.79,6m,0.46
Savinho,Man City,M,0.63,0.41,0.39,0.45,0.35,0.56,2.79,7m,0.4
Walker-Peters,West Ham,D,0.52,0.39,0.43,0.45,0.5,0.45,2.74,4.5m,0.61
Alvarez,West Ham,M,0,0.54,0.55,0.54,0.55,0.52,2.7,5m,0.54
Isidor,Sunderland,F,0.61,0.47,0.44,0.37,0.4,0.41,2.7,5.5m,0.49
Neil,Sunderland,M,0.53,0.43,0.42,0.4,0.44,0.46,2.69,5m,0.54
Devenny,Crystal Palace,M,0.54,0.46,0.4,0.48,0.4,0.38,2.66,4.5m,0.59
Keane,Everton,D,0.49,0.4,0.42,0.45,0.34,0.55,2.65,4.5m,0.59
Patterson,Everton,D,0.58,0.43,0.44,0.42,0.29,0.49,2.65,4.5m,0.59
A.Garcia,Aston Villa,D,0.38,0.36,0.44,0.43,0.5,0.5,2.61,4m,0.65
Gruda,Brighton,M,0.35,0.35,0.39,0.47,0.54,0.5,2.6,5.5m,0.47
Roberts,Sunderland,M,0.58,0.45,0.42,0.35,0.38,0.39,2.57,5.5m,0.47
Morato,Nott'm Forest,D,0.44,0.39,0.46,0.31,0.43,0.48,2.5,4.5m,0.56
Tsimikas,Liverpool,D,0.61,0.25,0.29,0.42,0.46,0.42,2.46,5m,0.49
N.Jackson,Chelsea,F,0,0.45,0.5,0.49,0.46,0.54,2.44,6.5m,0.37
Hickey,Brentford,D,0.54,0.36,0.39,0.33,0.37,0.4,2.38,4m,0.59
Bogarde,Aston Villa,D,0.34,0.33,0.4,0.39,0.45,0.45,2.36,4m,0.59
Hato,Chelsea,D,0.51,0.32,0.38,0.37,0.34,0.43,2.35,5m,0.47
O’Reilly,Man City,D,0.58,0.34,0.31,0.36,0.27,0.45,2.31,5m,0.46
Ramazani,Leeds,M,0.39,0.31,0.37,0.38,0.4,0.44,2.3,5m,0.46
F.Kadioglu,Brighton,D,0.49,0.4,0.32,0.35,0.41,0.31,2.28,4.5m,0.51
Da Silva Moreira,Nott'm Forest,M,0.4,0.37,0.4,0.33,0.38,0.4,2.28,4.5m,0.51
Kalajdzic,Wolves,F,0.4,0.35,0.37,0.35,0.42,0.37,2.26,5m,0.45
Hermansen,West Ham,GK,0.28,0.28,0.34,0.41,0.47,0.47,2.24,4.5m,0.5
Mazraoui,Man Utd,D,0.25,0.27,0.41,0.31,0.46,0.53,2.24,5m,0.45
Endo,Liverpool,M,0.65,0.27,0.29,0.34,0.35,0.33,2.23,5m,0.45
M.Franca,Crystal Palace,M,0.41,0.36,0.32,0.4,0.34,0.33,2.17,4.5m,0.48
Cairney,Fulham,M,0.42,0.33,0.3,0.38,0.38,0.34,2.16,5m,0.43
Scarles,West Ham,D,0.42,0.31,0.33,0.33,0.37,0.33,2.09,4.5m,0.46
March,Brighton,M,0.35,0.31,0.32,0.35,0.39,0.35,2.08,6m,0.35
Tchaouna,Burnley,M,0.47,0.36,0.29,0.29,0.33,0.28,2.02,5m,0.4
Edouard,Crystal Palace,F,0.39,0.33,0.3,0.36,0.32,0.31,2,5m,0.4
Lewis,Man City,D,0.47,0.29,0.26,0.32,0.23,0.42,2,5m,0.4
S.Bueno,Wolves,D,0.29,0.27,0.39,0.28,0.42,0.31,1.96,4.5m,0.44
Masuaku,Sunderland,D,0.43,0.35,0.32,0.26,0.29,0.3,1.96,4m,0.49
Summerville,West Ham,M,0,0,0,0.42,0.65,0.85,1.92,5.5m,0.35
Zinchenko,Arsenal,D,0.28,0.35,0.25,0.39,0.32,0.33,1.92,5m,0.38
Dominguez,Nott'm Forest,M,0,0,0,0.35,0.6,0.96,1.91,5m,0.38
Boly,Nott'm Forest,D,0.31,0.29,0.34,0.25,0.33,0.37,1.88,4m,0.47
Mainoo,Man Utd,M,0.37,0.29,0.34,0.28,0.29,0.3,1.87,5m,0.37
Trafford,Man City,GK,0.3,0.3,0.28,0.31,0.27,0.37,1.83,5m,0.37
Gruev,Leeds,M,0.3,0.25,0.28,0.3,0.31,0.33,1.76,5m,0.35
Barkley,Aston Villa,M,0.17,0.21,0.25,0.3,0.37,0.4,1.7,5m,0.34
Awoniyi,Nott'm Forest,F,0.27,0.27,0.29,0.26,0.29,0.31,1.69,5.5m,0.31
O.Richards,Nott'm Forest,D,0.3,0.26,0.3,0.21,0.29,0.32,1.68,4.5m,0.37
Mavropanos,West Ham,D,0.3,0.23,0.26,0.28,0.31,0.29,1.67,4.5m,0.37
Chiesa,Liverpool,M,0.45,0.2,0.21,0.26,0.27,0.26,1.65,6.5m,0.25
Kovacic,Man City,M,0,0,0.11,0.35,0.42,0.74,1.62,6m,0.27
Stamenic,Nott'm Forest,M,0.28,0.26,0.28,0.25,0.26,0.27,1.6,4.5m,0.35
Lamptey,Brighton,D,0.29,0.26,0.23,0.26,0.3,0.24,1.57,4.5m,0.35
Cirkin,Sunderland,D,0,0.12,0.23,0.38,0.42,0.42,1.57,4m,0.39
Irving,West Ham,M,0.32,0.26,0.26,0.24,0.24,0.22,1.53,4.5m,0.34
Kostoulas,Brighton,F,0.21,0.21,0.23,0.27,0.3,0.29,1.52,5m,0.3
Y.Chermiti,Everton,F,0.28,0.24,0.24,0.25,0.23,0.27,1.52,5m,0.3
Willock,Newcastle,M,0,0.15,0.22,0.39,0.37,0.38,1.51,5m,0.3
Orford,West Ham,M,0.32,0.26,0.25,0.23,0.23,0.21,1.51,4.5m,0.33
Obi,Man Utd,F,0.28,0.23,0.27,0.22,0.23,0.24,1.47,4.5m,0.33
Bamford,Leeds,F,0.26,0.22,0.24,0.24,0.24,0.25,1.45,5m,0.29
Byram,Leeds,D,0.32,0.19,0.23,0.23,0.24,0.24,1.44,4m,0.36
Sima,Brighton,M,0.25,0.23,0.23,0.24,0.26,0.23,1.44,5.5m,0.26
Abdullahi,Sunderland,F,0.35,0.26,0.23,0.19,0.2,0.2,1.43,4.5m,0.32
Pinnock,Brentford,D,0.26,0.19,0.21,0.21,0.25,0.28,1.39,4.5m,0.31
Rigg,Sunderland,M,0.3,0.23,0.22,0.2,0.21,0.22,1.39,5m,0.28
Tzimas,Brighton,F,0.16,0.18,0.2,0.25,0.28,0.27,1.34,5.5m,0.24
Pedro Lima,Wolves,D,0.19,0.18,0.25,0.19,0.28,0.21,1.3,4m,0.33
Benson,Burnley,M,0.28,0.22,0.19,0.19,0.23,0.2,1.3,5.5m,0.24
Boateng,Burnley,M,0.27,0.21,0.18,0.19,0.22,0.19,1.28,5m,0.26
Tuanzebe,Burnley,D,0.22,0.25,0.16,0.18,0.29,0.15,1.25,4m,0.31
Reed,Fulham,M,0.22,0.18,0.17,0.22,0.23,0.22,1.24,4.5m,0.28
Aleksic,Sunderland,M,0.3,0.22,0.2,0.16,0.17,0.17,1.21,5m,0.24
Sarmiento,Brighton,M,0.2,0.19,0.19,0.21,0.22,0.21,1.21,5m,0.24
Collyer,Man Utd,M,0.22,0.18,0.21,0.19,0.2,0.21,1.2,4.5m,0.27
Clyne,Crystal Palace,D,0.18,0.2,0.16,0.25,0.21,0.19,1.19,4m,0.3
Kroupi.Jr,Bournemouth,F,0.25,0.23,0.16,0.17,0.18,0.19,1.19,4.5m,0.26
Gomez,Liverpool,D,0.28,0.12,0.14,0.19,0.21,0.19,1.13,5m,0.23
Browne,Sunderland,M,0.27,0.2,0.18,0.15,0.16,0.16,1.13,4.5m,0.25
Acheampong,Chelsea,D,0.2,0.14,0.18,0.19,0.18,0.22,1.11,4m,0.28
Agbinone,Crystal Palace,M,0.21,0.17,0.17,0.19,0.18,0.17,1.09,4.5m,0.24
Winterburn,Bournemouth,M,0.26,0.23,0.15,0.15,0.14,0.15,1.08,4.5m,0.24
Bevan,Bournemouth,D,0,0.15,0.13,0.22,0.25,0.31,1.07,4m,0.27
Redmond,Aston Villa,F,0.17,0.17,0.18,0.17,0.19,0.19,1.06,4.5m,0.24
Gauci,Aston Villa,GK,0.17,0.17,0.18,0.17,0.19,0.18,1.06,4m,0.27
Soler,Bournemouth,D,0.19,0.24,0.13,0.15,0.14,0.15,1,4m,0.25
Maghoma,Brentford,M,0.25,0.16,0.14,0.14,0.15,0.15,0.99,4.5m,0.22
Khusanov,Man City,D,0.24,0.14,0.13,0.16,0.12,0.2,0.99,5.5m,0.18
Ajer,Brentford,D,0.22,0.14,0.15,0.14,0.16,0.17,0.98,4.5m,0.22
Darlow,Leeds,GK,0.1,0.11,0.14,0.19,0.21,0.23,0.98,4m,0.25
Onyeka,Brentford,M,0.23,0.15,0.14,0.15,0.15,0.16,0.98,5m,0.2
Dixon,Everton,D,0.18,0.15,0.16,0.16,0.13,0.18,0.96,4m,0.24
Triantis,Sunderland,M,0.23,0.17,0.15,0.13,0.13,0.14,0.96,4.5m,0.21
Scarlett,Tottenham,F,0.21,0.14,0.16,0.15,0.14,0.15,0.95,4.5m,0.21
Igor,Brighton,D,0.21,0.17,0.13,0.14,0.17,0.13,0.95,4.5m,0.21
Edozie,Wolves,M,0.18,0.15,0.16,0.14,0.16,0.14,0.94,4.5m,0.21
Obafemi,Burnley,F,0.19,0.15,0.14,0.14,0.16,0.14,0.92,4.5m,0.2
Milner,Brighton,M,0.14,0.14,0.14,0.15,0.16,0.15,0.89,5m,0.18
Gray,Tottenham,M,0.2,0.12,0.14,0.14,0.14,0.15,0.88,5m,0.18
Iling Jr,Aston Villa,M,0.12,0.13,0.14,0.15,0.16,0.17,0.88,5.5m,0.16
Godo,Fulham,M,0.13,0.13,0.13,0.16,0.16,0.16,0.87,4.5m,0.19
Nunes,Brentford,M,0.2,0.13,0.13,0.13,0.13,0.13,0.84,5m,0.17
Hladky,Burnley,GK,0.14,0.23,0.12,0.11,0.12,0.1,0.83,4m,0.21
Hjelde,Sunderland,D,0,0.08,0.13,0.19,0.21,0.21,0.83,4m,0.21
Alese,Sunderland,D,0,0.08,0.13,0.19,0.21,0.21,0.83,4m,0.21
Tresor,Burnley,M,0.15,0.13,0.12,0.13,0.15,0.14,0.83,4.5m,0.18
Nallo,Liverpool,D,0.2,0.09,0.1,0.14,0.15,0.14,0.82,4m,0.21
Marshall,West Ham,F,0,0.16,0.17,0.16,0.16,0.16,0.82,4.5m,0.18
Enes Unal,Bournemouth,F,0,0,0,0.17,0.25,0.39,0.81,5.5m,0.15
Danns,Liverpool,F,0.2,0.12,0.12,0.12,0.12,0.12,0.8,4.5m,0.18
Chiwome,Wolves,F,0.15,0.12,0.13,0.13,0.14,0.13,0.8,4.5m,0.18
Doucoure,Crystal Palace,M,0,0.12,0.12,0.17,0.18,0.19,0.78,5m,0.16
Barnes,Burnley,F,0.16,0.13,0.12,0.12,0.13,0.12,0.78,4.5m,0.17
Worrall,Burnley,D,0.16,0.15,0.1,0.11,0.15,0.09,0.76,4m,0.19
Silcott-Duberry,Bournemouth,M,0.17,0.14,0.11,0.11,0.11,0.12,0.76,4.5m,0.17
Andrey Santos,Chelsea,M,0.14,0.11,0.12,0.12,0.12,0.14,0.76,4.5m,0.17
D.Essugo,Chelsea,M,0.14,0.11,0.12,0.12,0.12,0.14,0.76,4.5m,0.17
A.Ramsey,Burnley,M,0.14,0.11,0.11,0.12,0.14,0.13,0.76,4.5m,0.17
Amissah,Fulham,D,0.13,0.12,0.1,0.14,0.14,0.12,0.75,4m,0.19
Krafth,Newcastle,D,0.17,0.12,0.13,0.12,0.1,0.11,0.74,4.5m,0.17
Ramsdale,Newcastle,GK,0.06,0.09,0.11,0.17,0.15,0.16,0.74,5m,0.15
Dragusin,Tottenham,D,0,0.06,0.11,0.16,0.16,0.25,0.74,4.5m,0.16
Kporha,Crystal Palace,D,0.13,0.12,0.11,0.13,0.12,0.11,0.72,4m,0.18
Greenwood,Leeds,M,0,0.13,0.14,0.14,0.15,0.16,0.72,5m,0.14
Emerson,West Ham,D,0,0.12,0.14,0.14,0.16,0.16,0.72,4.5m,0.16
Konak,Brentford,M,0.17,0.11,0.1,0.1,0.1,0.11,0.7,4.5m,0.15
Targett,Newcastle,D,0.15,0.11,0.12,0.11,0.09,0.1,0.69,4m,0.17
L.Miley,Newcastle,M,0.12,0.11,0.11,0.11,0.11,0.12,0.68,4.5m,0.15
Armstrong,Everton,M,0.09,0.1,0.11,0.12,0.12,0.14,0.67,4.5m,0.15
Coleman,Everton,D,0.09,0.1,0.1,0.11,0.1,0.13,0.64,4.5m,0.14
Akinmboni,Bournemouth,D,0.11,0.13,0.08,0.09,0.1,0.11,0.62,4m,0.15
Lascelles,Newcastle,D,0.12,0.1,0.1,0.1,0.09,0.09,0.61,4.5m,0.13
Mamardashvili,Liverpool,GK,0.08,0.08,0.09,0.12,0.13,0.12,0.6,4.5m,0.13
Churlinov,Burnley,M,0.12,0.09,0.09,0.09,0.1,0.09,0.58,5m,0.12
Humphreys,Burnley,D,0.11,0.1,0.08,0.08,0.12,0.08,0.57,4m,0.14
Arrizabalaga,Arsenal,GK,0.07,0.1,0.08,0.12,0.1,0.11,0.57,4.5m,0.13
Banel,Burnley,M,0.12,0.09,0.09,0.09,0.09,0.09,0.57,4.5m,0.13
Hojlund,Man Utd,F,0,0.1,0.1,0.11,0.12,0.13,0.56,6.5m,0.09
Heath,Everton,M,0,0.1,0.1,0.11,0.11,0.12,0.55,4.5m,0.12
Echeverri,Man City,M,0.12,0.09,0.08,0.09,0.08,0.09,0.55,5.5m,0.1
Jorgensen,Chelsea,GK,0.07,0.08,0.09,0.1,0.09,0.11,0.54,4.5m,0.12
C.Miguel,Nott'm Forest,GK,0.07,0.07,0.09,0.08,0.1,0.12,0.54,4m,0.13
Travers,Everton,GK,0.07,0.08,0.09,0.1,0.09,0.12,0.53,4.5m,0.12
D.Leon,Man Utd,D,0.09,0.09,0.1,0.08,0.09,0.09,0.53,4.5m,0.12
Adewumi,Burnley,M,0.11,0.09,0.08,0.08,0.09,0.08,0.52,4.5m,0.12
Sadi,Bournemouth,M,0.12,0.1,0.08,0.08,0.08,0.08,0.52,4.5m,0.12
Fabio Silva,Wolves,F,0,0.1,0.1,0.1,0.11,0.11,0.52,5m,0.1
Steele,Brighton,GK,0.07,0.08,0.08,0.09,0.1,0.09,0.52,4.5m,0.12
Lecomte,Fulham,GK,0.06,0.08,0.07,0.1,0.11,0.09,0.51,4m,0.13
Fraser,Wolves,F,0,0.09,0.1,0.1,0.11,0.11,0.51,4.5m,0.11
Ebere,Everton,M,0,0.1,0.1,0.1,0.1,0.11,0.51,4.5m,0.11
Jordan,Burnley,D,0.09,0.09,0.07,0.08,0.11,0.07,0.51,4m,0.13
Johnstone,Wolves,GK,0.06,0.07,0.09,0.08,0.11,0.09,0.51,4.5m,0.11
Kone,Man Utd,M,0.09,0.08,0.09,0.08,0.08,0.09,0.5,4.5m,0.11
Dennis,Bournemouth,GK,0.06,0.08,0.07,0.09,0.09,0.1,0.5,4m,0.13
Kinsky,Tottenham,GK,0.08,0.06,0.08,0.09,0.08,0.11,0.5,4m,0.12
Kuol,Newcastle,M,0,0.11,0.1,0.09,0.1,0.1,0.5,4.5m,0.11
Chirewa,Wolves,M,0,0.09,0.09,0.1,0.1,0.1,0.48,4.5m,0.11
Pond,Wolves,D,0.09,0.07,0.09,0.07,0.09,0.08,0.48,4m,0.12
Foderingham,West Ham,GK,0.07,0.07,0.07,0.08,0.09,0.09,0.48,4m,0.12
Fredricson,Man Utd,D,0.08,0.07,0.09,0.07,0.08,0.08,0.46,4m,0.12
J.Fletcher,Man Utd,M,0,0.09,0.09,0.09,0.09,0.1,0.45,4.5m,0.1
Benitez,Crystal Palace,GK,0.06,0.08,0.06,0.09,0.08,0.07,0.43,4m,0.11
Gonzalez,Wolves,M,0,0.08,0.09,0.09,0.09,0.09,0.43,4.5m,0.1
Amdouni,Burnley,F,0,0.08,0.08,0.08,0.09,0.09,0.42,5m,0.08
Flemming,Burnley,F,0,0.07,0.07,0.08,0.09,0.09,0.41,5.5m,0.07
Ji-soo,Brentford,D,0.09,0.06,0.06,0.06,0.06,0.06,0.4,4m,0.1
Bates,Everton,M,0,0.07,0.07,0.08,0.08,0.08,0.38,4.5m,0.08
Moorhouse,Man Utd,M,0,0.07,0.07,0.07,0.07,0.07,0.35,4.5m,0.08
Fitzgerald,Man Utd,M,0,0.07,0.07,0.07,0.07,0.07,0.35,4.5m,0.08
Meslier,Leeds,GK,0.04,0.04,0.05,0.06,0.07,0.08,0.34,4.5m,0.08
Patterson,Sunderland,GK,0.03,0.04,0.05,0.06,0.07,0.07,0.33,4.5m,0.07
Phillips,Man City,M,0.07,0.05,0.05,0.05,0.05,0.05,0.31,5m,0.06
Sousa,Aston Villa,D,0,0.05,0.06,0.06,0.06,0.06,0.3,4m,0.08
McConnell,Liverpool,M,0,0.06,0.06,0.06,0.06,0.06,0.3,4.5m,0.07
Yasin,Aston Villa,D,0,0.05,0.05,0.05,0.06,0.06,0.27,4m,0.07
Meghoma,Brentford,D,0,0.05,0.05,0.05,0.05,0.05,0.27,4m,0.07
Moore,Sunderland,GK,0.03,0.04,0.04,0.04,0.05,0.05,0.25,4m,0.06
Lucas Pires,Burnley,D,0,0.05,0.05,0.05,0.06,0.05,0.25,4m,0.06
Delcroix,Burnley,D,0,0.04,0.04,0.05,0.05,0.05,0.24,4m,0.06
Cairns,Leeds,GK,0.03,0.03,0.03,0.03,0.03,0.03,0.19,4m,0.05
Bentley,Wolves,GK,0,0.01,0.02,0.02,0.03,0.03,0.12,4m,0.03
Matthews,Crystal Palace,GK,0,0.01,0.01,0.02,0.02,0.02,0.08,4m,0.02
King,Wolves,GK,0,0,0.01,0.02,0.02,0.02,0.08,4m,0.02
Nna Noukeu,Sunderland,GK,0,0.01,0.01,0.02,0.02,0.02,0.07,4m,0.02
Austin,Tottenham,GK,0,0,0.01,0.01,0.01,0.01,0.04,4m,0.01
Hegyi,West Ham,GK,0,0,0.01,0.01,0.01,0.01,0.04,4m,0.01
Heaton,Man Utd,GK,0,0,0,0,0,0,0,4m,0
Mateo Joseph,Leeds,F,0,0,0,0,0,0,0,5m,0
Maddison,Tottenham,M,0,0,0,0,0,0,0,7m,0
Darwin,Liverpool,F,0,0,0,0,0,0,0,6.5m,0
Marsh,Crystal Palace,F,0,0,0,0,0,0,0,4.5m,0
Sherif,Everton,F,0,0,0,0,0,0,0,4.5m,0
Earthy,West Ham,M,0,0,0,0,0,0,0,4.5m,0
Luis Hemir,Sunderland,F,0,0,0,0,0,0,0,4.5m,0
Cornet,West Ham,M,0,0,0,0,0,0,0,5m,0
Wheatley,Man Utd,F,0,0,0,0,0,0,0,4.5m,0
Neave,Newcastle,F,0,0,0,0,0,0,0,4.5m,0
Rusyn,Sunderland,F,0,0,0,0,0,0,0,4.5m,0
Olusesi,Tottenham,M,0,0,0,0,0,0,0,4.5m,0
Bryan,Tottenham,M,0,0,0,0,0,0,0,5m,0
Ferguson,Brighton,F,0,0,0,0,0,0,0,5.5m,0
Solomon,Tottenham,M,0,0,0,0,0,0,0,5.5m,0
Trevitt,Brentford,M,0,0,0,0,0,0,0,4.5m,0
Morgan,Brentford,F,0,0,0,0,0,0,0,4.5m,0
Hayden,Newcastle,M,0,0,0,0,0,0,0,4.5m,0
H.Jones,Sunderland,M,0,0,0,0,0,0,0,4.5m,0
Hodge,Wolves,M,0,0,0,0,0,0,0,4.5m,0
B.Traore,Wolves,M,0,0,0,0,0,0,0,5m,0
Guedes,Wolves,M,0,0,0,0,0,0,0,5.5m,0
Min-hyeok,Tottenham,M,0,0,0,0,0,0,0,4.5m,0
G.Jesus,Arsenal,F,0,0,0,0,0,0,0,6.5m,0
Moore,Tottenham,M,0,0,0,0,0,0,0,5m,0
Son,Tottenham,M,0,0,0,0,0,0,0,8.5m,0
O'Brien,Nott'm Forest,M,0,0,0,0,0,0,0,5m,0
White,Newcastle,M,0,0,0,0,0,0,0,4.5m,0
Rashford,Man Utd,M,0,0,0,0,0,0,0,7m,0
Barrenechea,Aston Villa,M,0,0,0,0,0,0,0,5m,0
Morton,Liverpool,M,0,0,0,0,0,0,0,4.5m,0
Luis Diaz,Liverpool,M,0,0,0,0,0,0,0,8m,0
Gelhardt,Leeds,M,0,0,0,0,0,0,0,4.5m,0
Crew,Leeds,M,0,0,0,0,0,0,0,4.5m,0
Harris,Fulham,M,0,0,0,0,0,0,0,4.5m,0
Metcalfe,Everton,M,0,0,0,0,0,0,0,4.5m,0
Ozoh,Crystal Palace,M,0,0,0,0,0,0,0,4.5m,0
Adu-Adjei,Bournemouth,F,0,0,0,0,0,0,0,4.5m,0
Ebiowei,Crystal Palace,M,0,0,0,0,0,0,0,4.5m,0
Paez,Chelsea,M,0,0,0,0,0,0,0,4.5m,0
Matete,Sunderland,M,0,0,0,0,0,0,0,4.5m,0
Benda,Fulham,GK,0,0,0,0,0,0,0,4m,0
Ekwah,Sunderland,M,0,0,0,0,0,0,0,4.5m,0
Johnson,Sunderland,D,0,0,0,0,0,0,0,4m,0
Ramsay,Liverpool,D,0,0,0,0,0,0,0,4m,0
Martinez,Man Utd,D,0,0,0,0,0,0,0,5m,0
Amass,Man Utd,D,0,0,0,0,0,0,0,4m,0
Malacia,Man Utd,D,0,0,0,0,0,0,0,4m,0
A.Murphy,Newcastle,D,0,0,0,0,0,0,0,4m,0
Ashby,Newcastle,D,0,0,0,0,0,0,0,4m,0
Pivas,Newcastle,D,0,0,0,0,0,0,0,4m,0
David Carmo,Nott'm Forest,D,0,0,0,0,0,0,0,4.5m,0
Abbott,Nott'm Forest,D,0,0,0,0,0,0,0,4m,0
Anderson,Sunderland,D,0,0,0,0,0,0,0,4m,0
Pembele,Sunderland,D,0,0,0,0,0,0,0,4m,0
Welch,Everton,D,0,0,0,0,0,0,0,4m,0
Takai,Tottenham,D,0,0,0,0,0,0,0,4m,0
Vuskovic,Tottenham,D,0,0,0,0,0,0,0,4m,0
Dodgson,Burnley,D,0,0,0,0,0,0,0,4m,0
Estupinan,Brighton,D,0,0,0,0,0,0,0,4.5m,0
Cashin,Brighton,D,0,0,0,0,0,0,0,4m,0
M.Sarr,Chelsea,D,0,0,0,0,0,0,0,4.5m,0
Holding,Crystal Palace,D,0,0,0,0,0,0,0,4m,0
Vitor Reis,Man City,D,0,0,0,0,0,0,0,5m,0
Phillips,Tottenham,D,0,0,0,0,0,0,0,4m,0
Casey,West Ham,D,0,0,0,0,0,0,0,4m,0
Meupiyou,Wolves,D,0,0,0,0,0,0,0,4m,0
R.Williams,Liverpool,D,0,0,0,0,0,0,0,4m,0
Chadi Riad,Crystal Palace,D,0,0,0,0,0,0,0,4m,0
Mee,Man Utd,GK,0,0,0,0,0,0,0,4m,0
Nichols,Arsenal,D,0,0,0,0,0,0,0,4m,0
Turner,Nott'm Forest,GK,0,0,0,0,0,0,0,4m,0
Penders,Chelsea,GK,0,0,0,0,0,0,0,4m,0
Scherpen,Brighton,GK,0,0,0,0,0,0,0,4m,0
Rushworth,Brighton,GK,0,0,0,0,0,0,0,4m,0
Neto,Bournemouth,GK,0,0,0,0,0,0,0,4.5m,0
Marschall,Aston Villa,GK,0,0,0,0,0,0,0,4m,0
Gunn,Nott'm Forest,GK,0,0,0,0,0,0,0,4m,0
Odysseas,Newcastle,GK,0,0,0,0,0,0,0,4m,0
Clarke,Arsenal,D,0,0,0,0,0,0,0,4m,0
Kacurri,Arsenal,D,0,0,0,0,0,0,0,4m,0
Mosquera,Arsenal,D,0,0,0,0,0,0,0,5.5m,0
Sosa,Crystal Palace,D,0,0,0,0,0,0,0,5m,0
Alex Moreno,Aston Villa,D,0,0,0,0,0,0,0,4m,0
Sambo,Burnley,D,0,0,0,0,0,0,0,4m,0
Zabarnyi,Bournemouth,D,0,0,0,0,0,0,0,5m,0
Roerslev,Brentford,D,0,0,0,0,0,0,0,4.5m,0
Arthur,Brentford,D,0,0,0,0,0,0,0,4m,0
Fredrick,Brentford,D,0,0,0,0,0,0,0,4m,0
Webster,Brighton,D,0,0,0,0,0,0,0,4.5m,0
Slater,Brighton,D,0,0,0,0,0,0,0,4m,0
Tasker,Brighton,D,0,0,0,0,0,0,0,4m,0
Colwill,Chelsea,D,0,0,0,0,0,0,0,5m,0
Anselmino,Chelsea,D,0,0,0,0,0,0,0,4m,0
Gillespie,Newcastle,GK,0,0,0,0,0,0,0,4m,0
Bettinelli,Man City,GK,0,0,0,0,0,0,0,4m,0
Ba,Sunderland,M,0,0,0,0,0,0,0,4.5m,0
Rodney,Crystal Palace,M,0,0,0,0,0,0,0,4.5m,0
Enciso,Brighton,M,0,0,0,0,0,0,0,5.5m,0
Buonanotte,Brighton,M,0,0,0,0,0,0,0,5m,0
Watson,Brighton,M,0,0,0,0,0,0,0,5m,0
Yalcouye,Brighton,M,0,0,0,0,0,0,0,5m,0
Knight,Brighton,M,0,0,0,0,0,0,0,4.5m,0
Mazilu,Brighton,M,0,0,0,0,0,0,0,4.5m,0
Moran,Brighton,M,0,0,0,0,0,0,0,4.5m,0
Mudryk,Chelsea,M,0,0,0,0,0,0,0,5m,0
Ahamada,Crystal Palace,M,0,0,0,0,0,0,0,4.5m,0
J.Rak-Sakyi,Crystal Palace,M,0,0,0,0,0,0,0,4.5m,0
Umeh,Crystal Palace,M,0,0,0,0,0,0,0,4.5m,0
Donovan,Brentford,M,0,0,0,0,0,0,0,4.5m,0
Gyabi,Leeds,M,0,0,0,0,0,0,0,4.5m,0
Doak,Liverpool,M,0,0,0,0,0,0,0,5m,0
Bajcetic,Liverpool,M,0,0,0,0,0,0,0,4.5m,0
Nyoni,Liverpool,M,0,0,0,0,0,0,0,4.5m,0
McAtee,Man City,M,0,0,0,0,0,0,0,5.5m,0
Nypan,Man City,M,0,0,0,0,0,0,0,5m,0
Garnacho,Man Utd,M,0,0,0,0,0,0,0,6.5m,0
Antony,Man Utd,M,0,0,0,0,0,0,0,6m,0
Sancho,Man Utd,M,0,0,0,0,0,0,0,6m,0
Antonito C.,Newcastle,M,0,0,0,0,0,0,0,5m,0
Poveda,Sunderland,M,0,0,0,0,0,0,0,5m,0
Peart-Harris,Brentford,M,0,0,0,0,0,0,0,4.5m,0
Henderson,Brentford,M,0,0,0,0,0,0,0,5m,0
Ortega Moreno,Man City,GK,0,0,0,0,0,0,0,5m,0
Green,Burnley,GK,0,0,0,0,0,0,0,4m,0
Woodman,Liverpool,GK,0,0,0,0,0,0,0,4m,0
Pecsi,Liverpool,GK,0,0,0,0,0,0,0,4m,0
Tyrer,Everton,GK,0,0,0,0,0,0,0,4m,0
Slonina,Chelsea,GK,0,0,0,0,0,0,0,4m,0
McGill,Brighton,GK,0,0,0,0,0,0,0,4m,0
Eyestone,Brentford,GK,0,0,0,0,0,0,0,4m,0
Cox,Brentford,GK,0,0,0,0,0,0,0,4m,0
Balcombe,Brentford,GK,0,0,0,0,0,0,0,4m,0
Paulsen,Bournemouth,GK,0,0,0,0,0,0,0,4m,0
McKenna,Bournemouth,GK,0,0,0,0,0,0,0,4m,0
Setford,Arsenal,GK,0,0,0,0,0,0,0,4m,0
Faivre,Bournemouth,M,0,0,0,0,0,0,0,4.5m,0
Hein,Arsenal,GK,0,0,0,0,0,0,0,4m,0
Harrison,Man Utd,GK,0,0,0,0,0,0,0,4m,0
Fabio Vieira,Arsenal,M,0,0,0,0,0,0,0,5.5m,0
Nelson,Arsenal,M,0,0,0,0,0,0,0,5m,0
Kabia,Arsenal,M,0,0,0,0,0,0,0,4.5m,0
Sambi,Arsenal,M,0,0,0,0,0,0,0,4.5m,0
Dobbin,Aston Villa,M,0,0,0,0,0,0,0,5m,0
Broggio,Aston Villa,M,0,0,0,0,0,0,0,4.5m,0
Dendoncker,Aston Villa,M,0,0,0,0,0,0,0,4.5m,0
Young,Aston Villa,M,0,0,0,0,0,0,0,4.5m,0
Philip,Bournemouth,M,0,0,0,0,0,0,0,5m,0
Lankshear,Tottenham,F,0,0,0,0,0,0,0,4.5m,0
