Player,Team,Pos,GW4,GW5,GW6,GW7,GW8,GW9,Total,Price,Value
M.Salah,Liverpool,M,7.32,6.4,5.76,4.74,6.23,6.26,36.7,14.5m,2.53
Haaland,Man City,F,6.15,4.21,7.3,5.88,5.88,5.26,34.69,14.1m,2.46
B.Fernandes,Man Utd,M,4.23,4.48,4.92,5.83,4.1,5.1,28.68,9m,3.19
Watkins,Aston Villa,F,4.13,4.92,5.09,5.84,4.21,4.18,28.38,8.9m,3.19
Palmer,Chelsea,M,0,4.67,5.9,4.99,5.31,7.03,27.9,10.4m,2.68
Semenyo,Bournemouth,M,4.66,4.46,4.44,4.84,4.06,4.76,27.21,7.4m,3.68
Gyokeres,Arsenal,F,5.18,4,3.93,5.03,4.23,4.74,27.11,9m,3.01
Mbeumo,Man Utd,M,3.73,4.06,4.53,5.49,3.58,4.71,26.1,8.1m,3.22
Odegaard,Arsenal,M,4.91,3.86,3.8,4.82,4.1,4.55,26.04,7.9m,3.3
Joao Pedro,Chelsea,F,4.73,3.67,4.37,3.78,3.87,4.85,25.28,7.7m,3.28
Wirtz,Liverpool,M,4.87,4.31,3.93,3.34,4.18,4.2,24.83,8.4m,2.96
Mitoma,Brighton,M,4.12,4.57,3.48,4.49,4.39,3.76,24.81,6.4m,3.88
Rodrigo,Man City,M,4.26,3.63,4.52,4.09,4.14,3.86,24.49,6.4m,3.83
Mateta,Crystal Palace,F,5.68,3.96,3.62,3.61,4.36,3.04,24.28,7.5m,3.24
Mac Allister,Liverpool,M,4.45,4.18,3.91,3.53,4.06,4.06,24.19,6.4m,3.78
Saka,Arsenal,M,0,4.24,4.29,5.59,4.71,5.31,24.13,9.9m,2.44
Wissa,Newcastle,F,4.94,3.8,3.29,4.18,3.54,4.25,24.01,7.5m,3.2
Bowen,West Ham,F,4.22,4.32,3.67,3.11,4.62,4.05,23.99,7.8m,3.08
Rogers,Aston Villa,M,3.56,4.19,4.31,4.93,3.51,3.5,23.98,7m,3.43
Gabriel,Arsenal,D,4.52,3.32,3.34,4.61,3.86,4.33,23.97,6.1m,3.93
Wood,Nott'm Forest,F,3.14,4.46,4.96,3.66,3.7,3.85,23.76,7.7m,3.09
Kudus,Tottenham,M,4.02,3.65,4.59,3.93,4.03,3.52,23.73,6.6m,3.6
Ndiaye,Everton,M,4.21,3.3,4.47,4.23,3.31,4.11,23.63,6.5m,3.64
Calafiori,Arsenal,D,4.81,3.29,3.25,4.5,3.64,4.1,23.59,5.7m,4.14
Isak,Liverpool,F,1.29,4.65,4.36,3.69,4.77,4.79,23.54,10.4m,2.26
Raya,Arsenal,GK,4.19,3.49,3.51,4.3,3.84,4.12,23.44,5.5m,4.26
Bruno G.,Newcastle,M,4.5,3.7,3.49,4.03,3.61,4.12,23.44,6.5m,3.61
Evanilson,Bournemouth,F,4.07,3.83,3.8,4.12,3.53,4.1,23.44,7m,3.35
Eze,Arsenal,M,4.54,3.45,3.42,4.27,3.69,4.08,23.44,7.5m,3.12
Rice,Arsenal,M,4.28,3.66,3.62,4.11,3.76,3.98,23.4,6.5m,3.6
Senesi,Bournemouth,D,3.92,3.7,3.86,4.26,3.51,4.12,23.37,4.6m,5.08
Tielemans,Aston Villa,M,3.68,3.99,4.04,4.39,3.59,3.59,23.28,5.9m,3.95
Iwobi,Fulham,M,4.43,4.44,3.66,3.71,3.44,3.54,23.23,6.5m,3.57
Pedro Porro,Tottenham,D,3.93,3.2,4.83,3.87,3.89,3.49,23.21,5.6m,4.15
Minteh,Brighton,M,3.85,4.24,3.31,4.17,4.08,3.54,23.2,5.9m,3.93
Enzo,Chelsea,M,4.11,3.38,3.97,3.52,3.68,4.52,23.17,6.6m,3.51
Anthony,Burnley,M,3.61,4.13,3.27,3.64,4.47,4.01,23.13,5.5m,4.21
Cunha,Man Utd,M,2.2,3.7,4.15,5.07,3.3,4.38,22.79,8.1m,2.81
Virgil,Liverpool,D,4.41,4.28,3.67,2.99,3.65,3.8,22.79,6m,3.8
Strand Larsen,Wolves,F,2.24,4.37,3.44,3.95,4.01,4.77,22.78,6.4m,3.56
Reijnders,Man City,M,4.02,2.98,4.61,3.81,3.88,3.45,22.75,5.7m,3.99
Georginio,Brighton,M,3.76,4.17,3.21,4.09,4.01,3.46,22.69,5.9m,3.85
O.Dango,Brentford,M,3.74,3.77,3.92,3.61,3.9,3.63,22.56,6m,3.76
A.Becker,Liverpool,GK,4.12,4.04,3.61,3.19,3.57,3.68,22.21,5.5m,4.04
Lacroix,Crystal Palace,D,4.94,3.75,3.06,3.69,3.94,2.75,22.13,5m,4.43
L.Paqueta,West Ham,M,3.82,3.88,3.5,3.21,4.06,3.66,22.13,5.9m,3.75
Grealish,Everton,M,3.98,2.96,4.3,4.03,2.96,3.86,22.1,6.7m,3.3
Saliba,Arsenal,D,3.77,3.09,3.13,4.31,3.67,4.11,22.09,6.1m,3.62
Dewsbury-Hall,Everton,M,3.92,3.16,4.17,3.93,3.12,3.75,22.06,5m,4.41
Anderson,Nott'm Forest,M,3.44,3.88,4.11,3.51,3.52,3.52,21.98,5.5m,4
Sanchez,Chelsea,GK,3.76,3.25,3.76,3.23,3.58,4.37,21.95,5m,4.39
Gomes,Wolves,M,3.51,3.82,3.46,3.62,3.58,3.95,21.93,5.4m,4.06
Amad,Man Utd,M,3.31,3.41,3.76,4.49,3.06,3.86,21.88,6.4m,3.42
Ekitike,Liverpool,F,4.75,3.83,3.43,2.85,3.49,3.43,21.79,8.7m,2.5
Murillo,Nott'm Forest,D,2.8,4.29,4.71,3.15,3.43,3.32,21.71,5.5m,3.95
Munoz,Crystal Palace,D,5.24,3.68,2.88,3.5,3.95,2.39,21.63,5.5m,3.93
Elliott,Aston Villa,M,3.33,3.76,3.83,4.3,3.21,3.19,21.62,5.4m,4
Estêvao,Chelsea,M,4.43,3.24,3.76,3.16,3.12,3.85,21.57,6.5m,3.32
Gakpo,Liverpool,M,4.68,3.84,3.4,2.82,3.42,3.38,21.54,7.7m,2.8
Tarkowski,Everton,D,3.97,2.62,4.37,4.12,2.71,3.68,21.47,5.5m,3.9
Muniz,Fulham,F,4.37,4.32,3.35,3.35,2.94,3.02,21.36,5.5m,3.88
Ward-Prowse,West Ham,M,3.68,3.76,3.37,3.05,3.92,3.55,21.33,5.9m,3.61
Neto,Chelsea,M,3.9,3.09,3.69,3.17,3.32,4.16,21.32,7m,3.05
Gibbs-White,Nott'm Forest,M,2.9,3.99,4.47,3.25,3.31,3.38,21.3,7.5m,2.84
J.Palhinha,Tottenham,M,3.8,3.53,3.93,3.5,3.4,3.12,21.27,5.5m,3.87
Vicario,Tottenham,GK,3.53,3.19,3.99,3.55,3.52,3.43,21.21,5m,4.24
Aït-Nouri,Man City,D,3.62,2.3,4.74,3.57,3.98,2.99,21.2,6m,3.53
J.Timber,Arsenal,D,4.38,2.95,2.9,4.04,3.25,3.64,21.16,5.6m,3.78
Cucurella,Chelsea,D,3.88,2.81,3.7,2.81,3.35,4.54,21.08,6.1m,3.46
Tosin,Chelsea,D,3.78,2.96,3.64,2.91,3.41,4.36,21.07,4.5m,4.68
Casemiro,Man Utd,M,3.54,3.45,3.55,3.85,3.17,3.46,21.02,5.5m,3.82
Stach,Leeds,M,3.43,3.45,3.52,3.47,3.51,3.62,21,5m,4.2
Cullen,Burnley,M,3.4,3.62,3.19,3.36,3.8,3.56,20.93,5m,4.19
Caicedo,Chelsea,M,3.61,3.3,3.53,3.35,3.43,3.7,20.93,5.5m,3.8
Diakite,Bournemouth,D,3.49,3.3,3.46,3.81,3.17,3.68,20.91,4.5m,4.65
Milenkovic,Nott'm Forest,D,2.58,4.19,4.67,2.99,3.26,3.19,20.89,5.5m,3.8
Šesko,Man Utd,F,2.19,3.34,3.76,4.53,3.06,3.99,20.87,7.4m,2.82
Pickford,Everton,GK,3.68,2.9,4.03,3.83,2.91,3.5,20.86,5.5m,3.79
Martinez,Aston Villa,GK,3.35,3.7,3.68,4.13,2.99,3.01,20.85,5m,4.17
Schär,Newcastle,D,4.41,3.03,2.81,3.78,2.87,3.89,20.8,5.5m,3.78
Elanga,Newcastle,M,4.32,3.36,2.92,3.58,3.04,3.57,20.78,7m,2.97
Schade,Brentford,M,3.43,3.48,3.63,3.28,3.64,3.3,20.75,7m,2.96
Doku,Man City,M,3.92,2.78,4.26,3.43,3.32,2.89,20.6,6.4m,3.22
Pope,Newcastle,GK,3.95,3.19,3.09,3.61,3.07,3.63,20.54,5m,4.11
Tavernier,Bournemouth,M,3.7,3.36,3.33,3.55,3.09,3.48,20.5,5.5m,3.73
Xavi,Tottenham,M,3.59,3.17,3.95,3.3,3.32,2.88,20.22,7m,2.89
Gana,Everton,M,3.49,3.2,3.53,3.44,3.19,3.33,20.19,5.4m,3.74
Henderson,Crystal Palace,GK,4.07,3.4,3,3.34,3.47,2.82,20.1,5m,4.02
Jose Sa,Wolves,GK,2.95,3.61,2.93,3.24,3.45,3.86,20.04,4.5m,4.45
Andre,Wolves,M,3.28,3.37,3.25,3.29,3.27,3.43,19.89,5.5m,3.62
Damsgaard,Brentford,M,3.32,3.31,3.4,3.22,3.39,3.24,19.88,5.9m,3.37
Gudmundsson,Leeds,D,3.02,3.27,3.27,2.99,3.6,3.73,19.88,4m,4.97
Leno,Fulham,GK,3.86,3.71,3.12,3.14,3.05,3,19.88,5m,3.98
Petrovic,Bournemouth,GK,3.28,3.2,3.3,3.5,3.12,3.41,19.81,4.5m,4.4
Romero,Tottenham,D,3.33,2.71,4.08,3.31,3.3,3.06,19.8,5m,3.96
Wieffer,Brighton,M,3.09,3.44,3.15,3.44,3.41,3.22,19.75,5m,3.95
Diarra,Sunderland,M,3.36,3.37,3.18,3.1,3.54,2.99,19.55,5.5m,3.55
Rodon,Leeds,D,3.07,3.23,3.19,2.96,3.49,3.57,19.5,4m,4.88
Sels,Nott'm Forest,GK,2.8,3.64,3.94,2.95,3.1,3.04,19.47,5m,3.89
Burn,Newcastle,D,4.08,2.83,2.67,3.55,2.69,3.64,19.47,5m,3.89
Tonali,Newcastle,M,3.77,3.11,2.95,3.31,2.95,3.32,19.41,5.4m,3.59
Lammens,Man Utd,GK,2.81,3.18,3.34,3.98,2.72,3.35,19.39,5m,3.88
Agbadou,Wolves,D,2.6,3.64,2.56,3.11,3.43,4,19.36,4.5m,4.3
Robinson,Fulham,D,4.14,3.94,2.87,2.93,2.73,2.67,19.28,5m,3.86
Andersen,Fulham,D,4.06,3.85,2.91,2.95,2.79,2.7,19.27,4.5m,4.28
Thiago,Brentford,F,3.12,3.23,3.37,3.09,3.33,3.1,19.24,6m,3.21
Guehi,Crystal Palace,D,4.61,3.3,2.52,3.18,3.49,2.13,19.22,4.6m,4.18
Verbruggen,Brighton,GK,3.17,3.34,2.92,3.51,3.31,2.95,19.21,4.5m,4.27
Madueke,Arsenal,M,4.27,3.05,2.86,3.42,2.69,2.86,19.15,7m,2.74
Konate,Liverpool,D,3.8,3.68,3.07,2.39,3.03,3.16,19.13,5.5m,3.48
Bernardo,Man City,M,3.63,2.62,3.9,3.16,3.08,2.67,19.07,6.4m,2.98
Gravenberch,Liverpool,M,3.32,3.26,3.11,2.93,3.17,3.17,18.97,5.5m,3.45
Hermansen,West Ham,GK,3.1,3.32,3.12,2.74,3.38,3.15,18.81,4.5m,4.18
Sarr,Crystal Palace,M,0,3.93,3.65,3.69,4.43,3.1,18.8,6.5m,2.89
Munetsi,Wolves,M,2.87,3.39,2.78,3.07,3.09,3.56,18.77,5.5m,3.41
Toti,Wolves,D,2.38,3.62,2.35,2.99,3.35,4.05,18.74,4.4m,4.26
Gvardiol,Man City,D,0,2.52,4.89,3.78,4.22,3.29,18.7,5.8m,3.22
Hudson-Odoi,Nott'm Forest,M,2.61,3.5,3.83,2.87,2.88,2.94,18.64,6m,3.11
De Ligt,Man Utd,D,2.33,3.02,3.3,4.24,2.17,3.37,18.43,5m,3.69
J.Arias,Wolves,M,2.78,3.27,2.73,3.02,3.07,3.53,18.4,5.4m,3.41
James,Leeds,M,2.94,2.99,3.09,2.99,3.11,3.25,18.37,5.4m,3.4
Dubravka,Burnley,GK,2.86,3.26,2.77,2.89,3.4,3.15,18.34,4m,4.58
Ndoye,Nott'm Forest,M,2.53,3.41,3.78,2.81,2.86,2.94,18.33,6.1m,3
Roefs,Sunderland,GK,3.05,3.2,3.01,2.81,3.51,2.74,18.33,4.5m,4.07
Kelleher,Brentford,GK,3.06,3.14,3.12,2.92,3.21,2.88,18.32,4.5m,4.07
Cash,Aston Villa,D,2.88,3.4,3.4,4.05,2.29,2.29,18.32,4.5m,4.07
Kerkez,Liverpool,D,3.79,3.5,2.91,2.24,2.86,2.97,18.28,6m,3.05
Christie,Bournemouth,M,3.31,2.95,2.95,3.09,2.87,3.09,18.26,5m,3.65
Livramento,Newcastle,D,3.92,2.67,2.42,3.32,2.49,3.41,18.24,5.1m,3.58
Baleba,Brighton,M,3.05,3.15,2.93,3.11,3.04,2.9,18.18,4.9m,3.71
Foden,Man City,M,3.55,2.25,3.69,3.01,3,2.66,18.16,8m,2.27
Van de Ven,Tottenham,D,3.05,2.43,3.79,3.03,3.01,2.8,18.1,4.6m,3.94
Zubimendi,Arsenal,M,3.3,2.87,2.82,3.14,2.9,3.04,18.07,5.5m,3.29
Donnarumma,Man City,GK,3,2.5,3.59,3,3.24,2.71,18.03,5.5m,3.28
McGinn,Aston Villa,M,2.82,3.08,3.15,3.46,2.75,2.76,18.02,5.5m,3.28
Richards,Crystal Palace,D,4.16,3.03,2.42,2.99,3.17,2.17,17.95,4.5m,3.99
Konsa,Aston Villa,D,2.84,3.34,3.33,3.97,2.23,2.23,17.94,4.5m,3.99
E.Le Fee,Sunderland,M,3.32,3.15,2.92,2.8,3.11,2.6,17.9,4.9m,3.65
Ayari,Brighton,M,3.02,3.17,2.79,3.1,3.01,2.78,17.87,5m,3.57
M.Fernandes,West Ham,M,3.04,3.08,2.87,2.69,3.18,2.94,17.8,5.5m,3.24
Garner,Everton,M,3.06,2.77,3.15,3.05,2.75,2.94,17.73,5m,3.55
Stones,Man City,D,3.26,2.05,3.95,2.95,3.15,2.36,17.72,5.5m,3.22
P.M.Sarr,Tottenham,M,3.27,2.97,3.37,2.89,2.72,2.42,17.64,5m,3.53
Collins,Brentford,D,2.99,3.1,3.06,2.62,3.25,2.53,17.56,5m,3.51
Tete,Fulham,D,3.71,3.53,2.62,2.66,2.51,2.44,17.48,4.5m,3.88
Mitchell,Crystal Palace,D,4.21,2.99,2.25,2.9,3.16,1.92,17.44,5m,3.49
N.Williams,Nott'm Forest,D,2.16,3.59,4,2.44,2.67,2.56,17.43,5m,3.49
Adams,Bournemouth,M,3.1,2.9,2.86,2.93,2.73,2.82,17.34,5m,3.47
Mykolenko,Everton,D,3.31,1.93,3.65,3.41,2.02,2.99,17.31,4.9m,3.53
Truffert,Bournemouth,D,3,2.71,2.84,3.16,2.54,3.03,17.27,4.5m,3.84
Bogle,Leeds,D,2.62,2.84,2.84,2.6,3.12,3.25,17.26,4.5m,3.84
Brooks,Bournemouth,M,3.36,2.9,2.8,2.93,2.41,2.69,17.09,5m,3.42
O'Brien,Everton,D,3.27,1.87,3.66,3.39,1.95,2.94,17.08,5m,3.42
Xhaka,Sunderland,M,2.9,2.94,2.76,2.68,3.12,2.58,16.98,5m,3.4
Aina,Nott'm Forest,D,1.92,3.52,3.99,2.33,2.62,2.54,16.91,5m,3.38
Chalobah,Chelsea,D,3.59,2.42,2.92,2.28,2.5,3.15,16.85,5.1m,3.3
Yoro,Man Utd,D,2.07,2.78,3.03,3.94,1.93,3.08,16.83,4.5m,3.74
Perri,Leeds,GK,2.24,2.85,2.84,2.74,3.04,3.09,16.8,4.5m,3.73
Hannibal,Burnley,M,2.75,2.88,2.62,2.71,3,2.83,16.79,5m,3.36
Keane,Everton,D,3.75,2.17,3.58,3.15,1.77,2.36,16.78,4.5m,3.73
Yarmoliuk,Brentford,M,2.89,2.78,2.8,2.76,2.74,2.74,16.71,5m,3.34
Diouf,West Ham,D,2.76,3.18,2.74,1.7,3.39,2.89,16.66,4.5m,3.7
Berge,Fulham,M,2.94,2.9,2.7,2.69,2.7,2.67,16.6,5m,3.32
Talbi,Sunderland,M,2.89,2.91,2.66,2.52,3.23,2.38,16.59,5m,3.32
Spence,Tottenham,D,2.93,2.29,3.48,2.73,2.63,2.41,16.47,4.5m,3.66
Summerville,West Ham,M,2.96,3,2.6,2.25,3,2.64,16.45,5.5m,2.99
Barnes,Newcastle,M,4.1,2.86,2.18,2.63,2.09,2.4,16.25,6.5m,2.5
Kilman,West Ham,D,2.66,3.03,2.73,1.88,3.13,2.78,16.21,4.4m,3.68
Van Hecke,Brighton,D,2.65,2.95,2.18,3.23,2.9,2.25,16.17,4.5m,3.59
Joelinton,Newcastle,M,1,2.94,2.75,3.17,2.85,3.27,15.99,5.9m,2.71
Lukic,Fulham,M,2.88,2.84,2.58,2.57,2.57,2.54,15.98,5m,3.2
Ugochukwu,Burnley,M,2.63,2.72,2.53,2.59,2.81,2.68,15.96,5m,3.19
Dunk,Brighton,D,2.65,2.97,2.1,3.21,2.86,2.16,15.95,4.5m,3.54
Sadiki,Sunderland,M,2.79,2.7,2.57,2.53,2.85,2.47,15.91,5m,3.18
S.Magassa,West Ham,M,2.6,2.65,2.56,2.49,2.8,2.66,15.76,5m,3.15
Kluivert,Bournemouth,M,1.71,2.7,2.72,2.97,2.57,3.02,15.69,7m,2.24
Walker,Burnley,D,2.15,3.08,1.82,2.37,3.33,2.92,15.67,4.5m,3.48
Gnonto,Leeds,M,2.69,2.54,2.59,2.5,2.54,2.63,15.5,5.4m,2.87
Mings,Aston Villa,D,2.56,2.87,2.83,3.28,1.97,1.96,15.48,4.5m,3.44
Branthwaite,Everton,D,0,2.25,3.88,3.66,2.37,3.28,15.43,5.3m,2.91
Trippier,Newcastle,D,3.9,2.45,1.97,2.64,1.92,2.54,15.43,5m,3.09
J.Ramsey,Newcastle,M,3.53,2.67,2.31,2.57,2.06,2.28,15.41,5.4m,2.85
Lewis-Potter,Brentford,D,2.68,2.7,2.7,2.28,2.82,2.2,15.39,5m,3.08
King,Fulham,M,2.84,2.8,2.46,2.45,2.37,2.36,15.28,4.5m,3.4
Hughes,Crystal Palace,M,3.26,2.49,2.42,2.38,2.45,2.21,15.19,4.9m,3.1
Dorgu,Man Utd,D,1.82,2.53,2.79,3.72,1.58,2.75,15.19,4.5m,3.37
Tchatchoua,Wolves,D,1.87,3,1.81,2.41,2.72,3.33,15.14,4.5m,3.36
Bobb,Man City,M,2.94,1.94,3.02,2.5,2.5,2.24,15.14,5.5m,2.75
De Cuyper,Brighton,D,2.48,2.79,1.99,3.03,2.73,2.09,15.11,4.5m,3.36
Lerma,Crystal Palace,M,3.37,2.51,2.41,2.34,2.34,2.12,15.09,5m,3.02
Van den Berg,Brentford,D,2.61,2.66,2.61,2.25,2.8,2.16,15.08,4.5m,3.35
Bassey,Fulham,D,3.34,3.14,2.2,2.25,2.11,2.02,15.07,4.5m,3.35
Kamada,Crystal Palace,M,3.29,2.49,2.37,2.34,2.45,2.12,15.04,5m,3.01
Ekdal,Burnley,D,2.11,3,1.78,2.28,3.11,2.73,15.03,4m,3.76
Gusto,Chelsea,D,3,2.02,2.6,1.97,2.31,3.06,14.95,5m,2.99
Esteve,Burnley,D,2.01,2.91,1.76,2.26,3.12,2.77,14.83,4m,3.71
Longstaff,Leeds,M,2.62,2.45,2.47,2.39,2.38,2.43,14.74,4.9m,3.01
Walker-Peters,West Ham,D,2.45,2.86,2.46,1.44,2.97,2.52,14.69,4.4m,3.34
Devenny,Crystal Palace,M,3.84,2.56,2.25,2.15,2.17,1.67,14.63,4.5m,3.25
Marmoush,Man City,M,1.32,1.92,3.25,2.68,2.74,2.45,14.36,8.4m,1.71
Gordon,Newcastle,M,0,0,3.08,3.93,3.31,4.04,14.36,7.4m,1.94
Calvert-Lewin,Leeds,F,2.06,2.29,2.42,2.39,2.51,2.65,14.31,5.5m,2.6
Brobbey,Sunderland,F,2,2.56,2.35,2.26,2.93,2.15,14.25,5.5m,2.59
Hee Chan,Wolves,M,2.32,2.67,2.06,2.31,2.25,2.61,14.22,5.9m,2.41
Shaw,Man Utd,D,1.75,2.44,2.66,3.5,1.38,2.4,14.12,4.5m,3.14
Frimpong,Liverpool,D,1.51,2.86,2.45,1.94,2.6,2.72,14.09,5.9m,2.39
Ballard,Sunderland,D,1.64,2.68,2.41,2.02,3.28,1.97,14,4.6m,3.04
Ampadu,Leeds,M,1.31,2.46,2.5,2.47,2.57,2.65,13.97,4.9m,2.85
Richarlison,Tottenham,F,2.67,2.27,2.73,2.21,2.13,1.8,13.81,6.7m,2.06
Reinildo,Sunderland,D,2.36,2.51,2.22,1.8,3.06,1.73,13.68,4m,3.42
O'Nien,Sunderland,D,0.18,2.84,2.63,2.31,3.41,2.28,13.65,4m,3.41
Douglas Luiz,Nott'm Forest,M,1.92,2.49,2.69,2.16,2.18,2.2,13.63,5m,2.73
Kayode,Brentford,D,2.36,2.42,2.39,1.98,2.56,1.9,13.6,4.5m,3.02
Gruda,Brighton,M,2.24,2.43,1.9,2.37,2.31,2.01,13.26,5.4m,2.46
Bentancur,Tottenham,M,2.35,2.15,2.43,2.14,2.14,1.99,13.19,5.5m,2.4
Hume,Sunderland,D,2.32,2.48,2.14,1.7,2.92,1.57,13.14,4.5m,2.92
Hartman,Burnley,D,1.68,2.63,1.36,1.92,2.87,2.47,12.93,4m,3.23
Foster,Burnley,F,2.21,2.31,1.85,2.03,2.37,2.15,12.92,5m,2.58
Alderete,Sunderland,D,2.64,2.56,2.16,1.71,2.4,1.41,12.89,4m,3.22
Garnacho,Chelsea,M,2.73,1.79,2.1,1.87,1.95,2.39,12.83,6.4m,2.01
Bijol,Leeds,D,1.36,2.2,2.2,2.05,2.47,2.56,12.83,4m,3.21
Johnson,Tottenham,M,2.35,1.98,2.48,2.01,2,1.73,12.56,7.1m,1.77
Moller Wolfe,Wolves,D,1.57,2.42,1.52,2,2.27,2.78,12.55,4.5m,2.79
Smith,Bournemouth,D,1.59,1.94,2.08,2.37,1.89,2.32,12.19,4.5m,2.71
Cook,Bournemouth,M,0,2.33,2.35,2.47,2.36,2.51,12.02,4.9m,2.45
Maatsen,Aston Villa,D,1.91,2.17,2.19,2.6,1.57,1.58,12.01,4.4m,2.73
Janelt,Brentford,M,0,2.35,2.41,2.35,2.42,2.39,11.92,4.9m,2.43
James,Chelsea,D,2.44,1.45,1.94,1.55,1.9,2.6,11.88,5.5m,2.16
Beto,Everton,F,2.32,1.59,2.14,2.05,1.66,2.08,11.84,5.4m,2.19
Henderson,Brentford,M,2.23,1.97,1.97,1.89,1.89,1.82,11.78,5m,2.36
Onana,Aston Villa,M,1.59,2.01,2.05,2.19,1.9,1.92,11.67,5m,2.33
Struijk,Leeds,D,2.09,1.9,1.87,1.72,1.97,2,11.55,4.5m,2.57
Digne,Aston Villa,D,1.85,2.09,2.11,2.5,1.5,1.5,11.54,4.5m,2.56
Bradley,Liverpool,D,2.66,2.11,1.76,1.36,1.77,1.83,11.49,5m,2.3
Welbeck,Brighton,F,1.72,1.93,1.57,2,2.06,1.85,11.13,6.4m,1.74
Soucek,West Ham,M,1.81,1.88,1.76,1.65,2.09,1.94,11.13,5.8m,1.92
Mount,Man Utd,M,1.91,1.72,1.87,2.2,1.55,1.86,11.11,6m,1.85
Barry,Everton,F,2.13,1.49,1.97,1.91,1.6,1.97,11.07,5.9m,1.88
Wharton,Crystal Palace,M,0,2.07,2.13,2.17,2.35,2.19,10.92,5m,2.18
Kulusevski,Tottenham,M,0,0,1.13,2.43,3.77,3.3,10.63,6.4m,1.66
Mavropanos,West Ham,D,1.66,1.9,1.76,1.27,2.08,1.87,10.54,4.4m,2.39
Ruben,Man City,D,2.01,1.19,2.21,1.71,1.88,1.43,10.42,5.5m,1.9
Yeremy,Crystal Palace,M,2.69,1.42,1.39,1.49,1.86,1.47,10.32,6m,1.72
Fer Lopez,Wolves,M,1.6,1.81,1.5,1.68,1.73,1.99,10.31,5.4m,1.91
Raul,Fulham,F,1.78,1.88,1.59,1.67,1.63,1.73,10.28,6.4m,1.61
Bellegarde,Wolves,M,1.59,1.79,1.5,1.67,1.7,1.97,10.22,5.4m,1.89
Szoboszlai,Liverpool,M,2.21,1.66,1.56,1.39,1.68,1.7,10.21,6.5m,1.57
Kamara,Aston Villa,M,1.41,1.74,1.77,1.86,1.67,1.69,10.15,4.9m,2.07
Gomez,Brighton,M,1.61,1.72,1.56,1.77,1.8,1.69,10.15,5m,2.03
Sangare,Nott'm Forest,M,1.8,1.8,1.82,1.58,1.5,1.45,9.95,5m,1.99
Lewis,Man City,D,2.01,1.1,2.14,1.61,1.72,1.3,9.89,5m,1.98
Broja,Burnley,F,1.42,1.74,1.46,1.61,1.89,1.76,9.87,5.4m,1.83
Hall,Newcastle,D,1.63,1.64,1.31,1.82,1.47,2,9.86,5.4m,1.83
Khusanov,Man City,D,1.9,1.14,2.03,1.6,1.76,1.37,9.8,5.4m,1.82
Bruun Larsen,Burnley,M,1.73,1.7,1.35,1.49,1.78,1.6,9.63,5.4m,1.78
Smith Rowe,Fulham,M,1.8,1.82,1.5,1.54,1.44,1.5,9.61,5.9m,1.63
Matheus N.,Man City,D,1.87,1.09,1.93,1.56,1.73,1.4,9.59,5.4m,1.78
White,Arsenal,D,0.54,1.46,1.51,2.1,1.86,2.11,9.59,5.4m,1.78
Fullkrug,West Ham,F,1.64,1.67,1.5,1.35,1.79,1.62,9.56,5.8m,1.65
Nmecha,Leeds,F,1.85,1.55,1.58,1.51,1.5,1.54,9.53,5m,1.91
Solanke,Tottenham,F,0.95,1.68,2,1.68,1.69,1.5,9.5,7.3m,1.3
Okafor,Leeds,M,0.95,1.55,1.65,1.63,1.76,1.87,9.41,5.5m,1.71
Kevin,Fulham,M,1.68,1.73,1.45,1.5,1.44,1.5,9.29,6m,1.55
Sessegnon,Fulham,M,1.71,1.73,1.43,1.47,1.39,1.43,9.16,5.4m,1.7
Chukwueze,Fulham,M,1.65,1.69,1.43,1.47,1.42,1.47,9.13,5.5m,1.66
Kolo Muani,Tottenham,F,1.7,1.45,1.76,1.45,1.46,1.28,9.1,7m,1.3
Tanaka,Leeds,M,0.59,1.6,1.66,1.66,1.75,1.83,9.08,4.9m,1.85
Gruev,Leeds,M,1.89,1.5,1.48,1.42,1.36,1.36,9,5m,1.8
Dalot,Man Utd,D,0.59,1.45,1.64,2.18,1.09,1.76,8.71,4.5m,1.94
Fofana,Chelsea,D,0.77,1.24,1.61,1.31,1.62,2.13,8.69,4.4m,1.97
Doherty,Wolves,D,1.08,1.51,1.02,1.31,1.48,1.81,8.2,4.5m,1.82
Woltemade,Newcastle,F,1.83,1.27,0.94,1.23,1.2,1.46,7.92,7m,1.13
Hinshelwood,Brighton,M,1.27,1.37,1.16,1.4,1.4,1.27,7.88,5.3m,1.49
Adingra,Sunderland,M,1.58,1.19,1.16,1.16,1.53,1.21,7.84,5.5m,1.43
Esse,Crystal Palace,M,2.17,1.03,0.99,1.02,1.16,0.95,7.31,4.9m,1.49
Gittens,Chelsea,M,1.69,0.92,1.13,1.03,1.12,1.4,7.3,6.3m,1.16
Mayenda,Sunderland,F,1.62,1.18,1.1,1.05,1.31,1,7.25,5.5m,1.32
Sancho,Aston Villa,M,1.12,1.19,1.23,1.37,1.08,1.08,7.07,5.9m,1.2
McAtee,Nott'm Forest,M,1.09,1.31,1.41,1.09,1.07,1.08,7.05,5.5m,1.28
Igor,West Ham,D,1.12,1.3,1.17,0.76,1.37,1.2,6.93,4.5m,1.54
Sonne,Burnley,D,1.08,1.43,0.75,1.02,1.42,1.2,6.89,4m,1.72
Nelson,Brentford,M,1.29,1.1,1.15,1.06,1.16,1.08,6.84,4.9m,1.4
Martinelli,Arsenal,M,1.82,0.94,0.92,1.12,0.95,1.02,6.77,6.9m,0.98
Aaronson,Leeds,M,1.22,0.99,1.06,1.07,1.18,1.25,6.77,5.4m,1.25
Wilson,West Ham,F,1.12,1.17,1.02,0.9,1.33,1.18,6.72,5.9m,1.14
Mukiele,Sunderland,D,1.61,1.26,1.07,0.84,1.24,0.69,6.71,4m,1.68
Scott,Bournemouth,M,1.54,1.09,1.06,1.08,0.94,0.99,6.69,5m,1.34
Pau,Aston Villa,D,1.05,1.16,1.19,1.42,0.9,0.92,6.64,4.5m,1.48
H.Bueno,Wolves,D,0.81,1.16,0.78,1.02,1.19,1.46,6.42,4.5m,1.43
Roberts,Burnley,D,0,1.45,0.77,1.09,1.65,1.43,6.38,4.4m,1.45
Hill,Bournemouth,D,1.41,0.96,0.99,1.07,0.89,1.02,6.33,4m,1.58
Trossard,Arsenal,M,1.58,0.81,0.83,1.06,0.97,1.08,6.32,6.9m,0.92
Malen,Aston Villa,M,1.01,1.08,1.11,1.25,0.92,0.92,6.28,5.3m,1.18
S.Bueno,Wolves,D,0.87,1.15,0.8,0.99,1.11,1.29,6.22,4.5m,1.38
Bergvall,Tottenham,M,1.13,1.01,1.11,0.97,0.95,0.91,6.08,5.4m,1.13
Piroe,Leeds,F,1.11,0.86,0.91,0.9,0.95,1,5.72,5.4m,1.06
Udogie,Tottenham,D,0.41,0.92,1.3,1.02,0.99,0.95,5.59,4.4m,1.27
Guessand,Aston Villa,M,0.78,0.86,0.91,1.06,0.83,0.84,5.28,6.4m,0.83
Robertson,Liverpool,D,1.13,0.83,0.75,0.63,0.9,0.97,5.21,5.9m,0.88
Zirkzee,Man Utd,F,0.99,0.77,0.84,0.95,0.69,0.79,5.03,5.9m,0.85
Trafford,Man City,GK,0.72,0.63,0.94,0.81,0.94,0.81,4.85,5m,0.97
Henry,Brentford,D,0.89,0.79,0.81,0.69,0.93,0.71,4.82,4.5m,1.07
Mazraoui,Man Utd,D,0.7,0.7,0.8,1.05,0.58,0.88,4.71,4.9m,0.96
Marc Guiu,Chelsea,F,1.27,0.64,0.73,0.65,0.64,0.74,4.68,4.4m,1.06
L.Miley,Newcastle,M,1.29,0.86,0.6,0.66,0.57,0.62,4.6,4.5m,1.02
Mundle,Sunderland,M,0,0.87,0.85,0.85,1.13,0.88,4.57,4.9m,0.93
N.Gonzalez,Man City,M,0.93,0.58,0.8,0.71,0.74,0.68,4.44,6m,0.74
Lewis-Skelly,Arsenal,D,1.01,0.48,0.53,0.77,0.76,0.89,4.44,5.4m,0.82
Edwards,Burnley,M,0.8,0.73,0.61,0.68,0.83,0.77,4.42,4.9m,0.9
Isidor,Sunderland,F,1.07,0.68,0.64,0.63,0.79,0.61,4.42,5.5m,0.8
Adli,Bournemouth,M,1.06,0.67,0.67,0.7,0.61,0.68,4.39,5.5m,0.8
Carvalho,Brentford,M,0.87,0.7,0.73,0.68,0.73,0.69,4.39,4.9m,0.9
F.Kadioglu,Brighton,D,0.72,0.79,0.6,0.85,0.79,0.63,4.38,4.4m,0.99
Mosquera,Wolves,D,0.58,0.78,0.55,0.69,0.8,0.96,4.35,4.4m,0.99
C.Jones,Liverpool,M,0.92,0.65,0.62,0.57,0.69,0.71,4.16,5.4m,0.77
Veltman,Brighton,D,0.68,0.74,0.57,0.8,0.74,0.59,4.12,4.4m,0.94
Cherki,Man City,M,0,0,0,0.46,1.72,1.88,4.06,6.5m,0.62
Zinchenko,Nott'm Forest,D,0.15,0.91,1.02,0.62,0.67,0.66,4.02,4.9m,0.82
Todibo,West Ham,D,0.65,0.74,0.68,0.48,0.77,0.69,4.02,4.4m,0.91
Danso,Tottenham,D,0.8,0.61,0.8,0.63,0.59,0.57,4,4.4m,0.91
Jensen,Brentford,M,0.8,0.63,0.65,0.62,0.65,0.62,3.97,4.9m,0.81
Wan-Bissaka,West Ham,D,0.57,0.68,0.63,0.45,0.82,0.74,3.89,4.4m,0.89
A.Jimenez,Bournemouth,D,0.91,0.57,0.59,0.64,0.52,0.6,3.83,4.5m,0.85
Alcaraz,Everton,M,0.88,0.5,0.65,0.63,0.53,0.63,3.82,5.4m,0.71
Maguire,Man Utd,D,0.57,0.56,0.65,0.86,0.47,0.72,3.82,4.5m,0.85
McNeil,Everton,M,0.92,0.51,0.65,0.62,0.51,0.6,3.81,5.8m,0.66
Ugarte,Man Utd,M,0.71,0.54,0.59,0.69,0.6,0.66,3.78,4.9m,0.77
Hincapie,Arsenal,D,1.07,0.46,0.47,0.63,0.54,0.6,3.77,5.5m,0.69
Tel,Tottenham,M,0.58,0.53,0.7,0.61,0.69,0.64,3.76,6.3m,0.6
Harrison,Leeds,M,0.7,0.52,0.57,0.59,0.67,0.72,3.75,5.4m,0.69
Tuanzebe,Burnley,D,0.14,0.78,0.45,0.62,0.9,0.8,3.69,3.9m,0.94
Milambo,Brentford,M,0.65,0.52,0.55,0.53,0.58,0.56,3.37,5.4m,0.62
Merino,Arsenal,M,0.84,0.4,0.43,0.55,0.53,0.59,3.34,5.9m,0.57
Buendia,Aston Villa,M,0.55,0.57,0.57,0.63,0.5,0.5,3.32,5.3m,0.63
Hutchinson,Nott'm Forest,M,0.51,0.6,0.65,0.51,0.51,0.52,3.31,5.5m,0.6
Iroegbunam,Everton,M,0.69,0.43,0.52,0.53,0.53,0.58,3.28,5m,0.66
J.Cuenca,Fulham,D,0.67,0.64,0.49,0.5,0.47,0.46,3.22,4.5m,0.71
Ake,Man City,D,0.64,0.33,0.63,0.52,0.6,0.49,3.2,5.5m,0.58
Wilson,Fulham,M,0.61,0.61,0.5,0.51,0.47,0.49,3.2,5.4m,0.59
Tchaouna,Burnley,M,0.61,0.54,0.44,0.48,0.56,0.51,3.13,5m,0.63
Kovacic,Man City,M,0,0.49,0.71,0.62,0.65,0.59,3.06,6m,0.51
Adama,Fulham,M,0.57,0.57,0.47,0.48,0.45,0.46,2.98,5.4m,0.55
Tzimas,Brighton,F,0.5,0.53,0.44,0.52,0.52,0.47,2.98,5.4m,0.55
B.Badiashile,Chelsea,D,0,0.43,0.57,0.48,0.61,0.81,2.9,4.4m,0.66
Darlow,Leeds,GK,0.81,0.43,0.42,0.39,0.42,0.41,2.89,4m,0.72
Odobert,Tottenham,M,0.48,0.43,0.53,0.46,0.5,0.48,2.88,5.4m,0.53
Dominguez,Nott'm Forest,M,0,0,0.2,0.53,1.06,1.09,2.87,5m,0.57
Bornauw,Leeds,D,0.53,0.4,0.42,0.41,0.53,0.57,2.87,4m,0.72
R.Gomes,Wolves,D,0.41,0.52,0.36,0.45,0.5,0.6,2.85,4.5m,0.63
Chiesa,Liverpool,M,0.67,0.43,0.41,0.37,0.48,0.49,2.84,6.5m,0.44
Andrey Santos,Chelsea,M,0.75,0.38,0.43,0.39,0.4,0.44,2.79,4.5m,0.62
Dibling,Everton,M,0.61,0.35,0.46,0.45,0.4,0.48,2.76,5.5m,0.5
J.Murphy,Newcastle,M,0.65,0.43,0.29,0.4,0.43,0.54,2.75,6.3m,0.44
Laurent,Burnley,M,0.56,0.46,0.4,0.42,0.45,0.42,2.7,5m,0.54
Onyeka,Brentford,M,0.58,0.43,0.43,0.4,0.39,0.37,2.61,5m,0.52
Nketiah,Crystal Palace,F,0,0.45,0.47,0.5,0.65,0.52,2.58,5.4m,0.48
Tsimikas,Liverpool,D,0.57,0.39,0.36,0.31,0.44,0.47,2.53,4.9m,0.52
Lavia,Chelsea,M,0,0.4,0.47,0.47,0.52,0.59,2.46,4.9m,0.5
Barkley,Aston Villa,M,0.1,0.47,0.48,0.53,0.43,0.44,2.45,4.9m,0.5
Mainoo,Man Utd,M,0.52,0.38,0.39,0.44,0.34,0.36,2.43,4.9m,0.5
Castagne,Fulham,D,0.48,0.46,0.35,0.36,0.33,0.33,2.3,4.5m,0.51
Bakwa,Nott'm Forest,M,0.31,0.41,0.46,0.35,0.37,0.39,2.28,6m,0.38
Igor Jesus,Nott'm Forest,F,0.33,0.4,0.44,0.35,0.36,0.37,2.26,5.9m,0.38
Davies,Tottenham,D,0.4,0.32,0.45,0.36,0.36,0.36,2.26,4.4m,0.51
Norgaard,Arsenal,M,0,0.36,0.38,0.47,0.47,0.52,2.19,5.4m,0.41
Jair Cunha,Nott'm Forest,D,0.28,0.43,0.48,0.31,0.34,0.34,2.18,4.4m,0.5
Worrall,Burnley,D,0.41,0.43,0.26,0.32,0.41,0.35,2.16,4m,0.54
Bogarde,Aston Villa,D,0.36,0.39,0.39,0.45,0.28,0.29,2.16,4m,0.54
Gannon-Doak,Bournemouth,M,0.56,0.33,0.32,0.34,0.29,0.32,2.15,5m,0.43
Yates,Nott'm Forest,M,0.36,0.38,0.4,0.34,0.34,0.34,2.15,4.9m,0.44
O’Reilly,Man City,D,0.49,0.23,0.42,0.34,0.37,0.29,2.13,4.9m,0.44
Thiaw,Newcastle,D,0.51,0.3,0.21,0.32,0.31,0.44,2.08,5m,0.42
Cirkin,Sunderland,D,0,0.39,0.38,0.33,0.59,0.36,2.05,4m,0.51
Kalimuendo,Nott'm Forest,F,0.29,0.36,0.4,0.32,0.33,0.35,2.05,6m,0.34
Neil,Sunderland,M,0.4,0.23,0.26,0.3,0.44,0.41,2.04,4.9m,0.42
J.Araujo,Bournemouth,D,0.38,0.25,0.29,0.35,0.34,0.42,2.04,4m,0.51
Coppola,Brighton,D,0.29,0.33,0.27,0.39,0.39,0.33,2.01,4.4m,0.46
Nwaneri,Arsenal,M,0.56,0.25,0.25,0.32,0.29,0.32,1.99,5.4m,0.37
Botman,Newcastle,D,0.47,0.28,0.2,0.3,0.3,0.43,1.98,4.9m,0.4
Hoever,Wolves,D,0.28,0.37,0.25,0.31,0.34,0.41,1.97,4m,0.49
Florentino,Burnley,M,0.37,0.31,0.28,0.3,0.34,0.33,1.94,5m,0.39
Endo,Liverpool,M,0.43,0.29,0.28,0.26,0.31,0.32,1.88,5m,0.38
Aznou,Everton,D,0.42,0.18,0.34,0.34,0.24,0.36,1.88,4.4m,0.43
Enes Unal,Bournemouth,F,0,0,0.13,0.41,0.58,0.68,1.8,5.5m,0.33
Bissouma,Tottenham,M,0.19,0.33,0.36,0.31,0.3,0.29,1.78,5.3m,0.33
Ngumoha,Liverpool,M,0.44,0.27,0.26,0.23,0.28,0.29,1.77,4.5m,0.39
Hickey,Brentford,D,0.34,0.28,0.29,0.25,0.33,0.26,1.75,4m,0.44
Rodney,Crystal Palace,M,0.61,0.21,0.21,0.23,0.25,0.23,1.74,4.5m,0.39
Dragusin,Tottenham,D,0,0,0.19,0.4,0.57,0.57,1.73,4.5m,0.38
Morato,Nott'm Forest,D,0.22,0.33,0.37,0.24,0.26,0.26,1.69,4.4m,0.38
Diop,Fulham,D,0.32,0.31,0.25,0.26,0.26,0.25,1.64,4.4m,0.37
Jota,Nott'm Forest,M,0.21,0.27,0.31,0.25,0.28,0.29,1.61,5.4m,0.3
Cairney,Fulham,M,0.25,0.27,0.24,0.26,0.27,0.28,1.57,4.9m,0.32
Gray,Tottenham,M,0.33,0.28,0.29,0.24,0.22,0.21,1.57,4.9m,0.32
A.Garcia,Aston Villa,D,0.19,0.24,0.27,0.34,0.25,0.26,1.55,4m,0.39
Potts,West Ham,M,0.23,0.24,0.24,0.24,0.29,0.28,1.51,4.4m,0.34
Clyne,Crystal Palace,D,0.55,0.17,0.14,0.18,0.2,0.14,1.37,4m,0.34
Kroupi.Jr,Bournemouth,F,0.32,0.19,0.2,0.21,0.2,0.23,1.35,4.5m,0.3
Jimoh-Aloba,Aston Villa,M,0.22,0.22,0.23,0.26,0.21,0.21,1.34,4.5m,0.3
Masuaku,Sunderland,D,0.33,0.18,0.18,0.16,0.29,0.18,1.33,4m,0.33
Acheampong,Chelsea,D,0.24,0.11,0.18,0.17,0.25,0.35,1.3,4m,0.32
Hato,Chelsea,D,0.24,0.11,0.17,0.17,0.25,0.35,1.29,4.9m,0.26
Boly,Nott'm Forest,D,0.15,0.23,0.27,0.18,0.2,0.2,1.22,4m,0.31
Patterson,Everton,D,0,0.09,0.3,0.31,0.2,0.3,1.2,4.4m,0.27
Bayindir,Man Utd,GK,0.14,0.17,0.19,0.24,0.18,0.23,1.15,5m,0.23
Reed,Fulham,M,0.21,0.21,0.18,0.19,0.18,0.18,1.15,4.4m,0.26
Benson,Burnley,M,0.21,0.19,0.16,0.18,0.21,0.2,1.14,5.4m,0.21
Heaven,Man Utd,D,0.15,0.15,0.18,0.26,0.15,0.25,1.14,4m,0.28
Boateng,Burnley,M,0.21,0.18,0.16,0.17,0.21,0.2,1.13,4.9m,0.23
Boscagli,Brighton,D,0.15,0.17,0.15,0.22,0.23,0.2,1.12,4.4m,0.25
George,Chelsea,M,0.28,0.13,0.16,0.15,0.18,0.22,1.11,4.9m,0.23
Milner,Brighton,M,0.13,0.16,0.16,0.2,0.23,0.23,1.11,5m,0.22
Dixon,Everton,D,0.29,0.11,0.2,0.19,0.13,0.18,1.1,4m,0.28
Gomez,Liverpool,D,0.25,0.17,0.16,0.14,0.19,0.21,1.1,5m,0.22
Pinnock,Brentford,D,0.19,0.16,0.17,0.16,0.23,0.19,1.1,4.4m,0.25
G.Rodriguez,West Ham,M,0.17,0.18,0.18,0.17,0.19,0.19,1.08,4.9m,0.22
Dowman,Arsenal,M,0.28,0.12,0.13,0.17,0.17,0.19,1.05,4.5m,0.23
Obi,Man Utd,F,0.22,0.15,0.17,0.19,0.15,0.16,1.04,4.4m,0.24
Martinez,Man Utd,D,0,0,0,0,0.26,0.78,1.03,4.9m,0.21
Mosquera,Arsenal,D,0.27,0.11,0.12,0.17,0.16,0.19,1.01,5.4m,0.19
Buonanotte,Chelsea,M,0.25,0.11,0.14,0.14,0.16,0.2,1.01,4.9m,0.21
Willock,Newcastle,M,0.25,0.16,0.1,0.13,0.13,0.16,0.94,5m,0.19
Justin,Leeds,D,0.19,0.13,0.14,0.13,0.17,0.18,0.94,4m,0.23
Rigg,Sunderland,M,0.2,0.11,0.12,0.13,0.19,0.17,0.92,4.9m,0.19
Ajer,Brentford,D,0.16,0.13,0.14,0.13,0.18,0.14,0.88,4.5m,0.2
Osula,Newcastle,F,0.26,0.16,0.1,0.12,0.11,0.13,0.87,5.5m,0.16
Abdullahi,Sunderland,F,0.22,0.11,0.12,0.12,0.16,0.14,0.87,4.4m,0.2
Irving,West Ham,M,0.15,0.15,0.14,0.13,0.15,0.14,0.87,4.5m,0.19
Amissah,Fulham,D,0.14,0.14,0.11,0.12,0.12,0.12,0.75,4m,0.19
Ramsdale,Newcastle,GK,0.08,0.09,0.1,0.14,0.15,0.19,0.74,4.9m,0.15
Awoniyi,Nott'm Forest,F,0.09,0.11,0.13,0.11,0.13,0.14,0.71,5.4m,0.13
Byram,Leeds,D,0.15,0.1,0.11,0.1,0.12,0.13,0.7,4m,0.18
Nallo,Liverpool,D,0.15,0.11,0.1,0.09,0.12,0.13,0.69,3.9m,0.18
Triantis,Sunderland,M,0.17,0.08,0.09,0.09,0.12,0.11,0.67,4.4m,0.15
Savinho,Man City,M,0.12,0.07,0.12,0.11,0.12,0.12,0.65,6.9m,0.09
Soler,Bournemouth,D,0.13,0.08,0.09,0.11,0.1,0.12,0.62,4m,0.16
Flemming,Burnley,F,0.12,0.1,0.09,0.1,0.11,0.11,0.62,5.4m,0.11
Arrizabalaga,Arsenal,GK,0.08,0.08,0.09,0.11,0.11,0.13,0.6,4.4m,0.14
Cardines,Crystal Palace,M,0.21,0.07,0.07,0.08,0.09,0.08,0.6,4.5m,0.13
March,Brighton,M,0,0.05,0.07,0.12,0.17,0.18,0.58,5.9m,0.1
Scarlett,Tottenham,F,0.11,0.1,0.11,0.09,0.09,0.08,0.58,4.4m,0.13
Tresor,Burnley,M,0.09,0.08,0.08,0.09,0.12,0.12,0.58,4.5m,0.13
Mamardashvili,Liverpool,GK,0.08,0.09,0.09,0.08,0.11,0.12,0.57,4.4m,0.13
Jorgensen,Chelsea,GK,0.07,0.07,0.09,0.09,0.11,0.14,0.57,4.4m,0.13
M.Bizot,Aston Villa,GK,0.07,0.08,0.09,0.11,0.09,0.1,0.53,4.5m,0.12
Meslier,Leeds,GK,0.16,0.07,0.07,0.07,0.08,0.08,0.53,4.4m,0.12
Dennis,Bournemouth,GK,0.07,0.07,0.08,0.1,0.1,0.11,0.53,4m,0.13
Travers,Everton,GK,0.07,0.06,0.09,0.1,0.09,0.11,0.52,4.5m,0.12
Steele,Brighton,GK,0.07,0.08,0.07,0.1,0.1,0.1,0.52,4.5m,0.11
Gunn,Nott'm Forest,GK,0.06,0.08,0.1,0.08,0.1,0.1,0.51,4m,0.13
Lecomte,Fulham,GK,0.08,0.08,0.08,0.08,0.09,0.1,0.5,4m,0.13
Kinsky,Tottenham,GK,0.07,0.07,0.09,0.09,0.09,0.09,0.5,4m,0.13
Areola,West Ham,GK,0.06,0.08,0.08,0.07,0.1,0.1,0.5,4.4m,0.11
Hjelde,Sunderland,D,0,0.09,0.09,0.08,0.14,0.09,0.48,4m,0.12
Alese,Sunderland,D,0,0.09,0.09,0.08,0.14,0.09,0.48,4m,0.12
Weiss,Burnley,GK,0.06,0.07,0.07,0.08,0.1,0.1,0.48,4.5m,0.11
Valdimarsson,Brentford,GK,0.06,0.07,0.08,0.08,0.1,0.09,0.47,4m,0.12
Johnstone,Wolves,GK,0.06,0.08,0.06,0.07,0.08,0.09,0.45,4.5m,0.1
Benitez,Crystal Palace,GK,0.08,0.07,0.06,0.07,0.08,0.07,0.44,4m,0.11
Seung soo,Newcastle,M,0.13,0.08,0.05,0.06,0.06,0.07,0.43,4.5m,0.1
Delap,Chelsea,F,0,0,0,0,0.12,0.28,0.4,6.3m,0.06
Iling Jr,Aston Villa,M,0.06,0.06,0.07,0.08,0.07,0.07,0.39,5.5m,0.07
Sosa,Crystal Palace,D,0.11,0.04,0.04,0.05,0.07,0.06,0.37,5m,0.07
Edozie,Wolves,M,0.05,0.05,0.05,0.06,0.06,0.07,0.34,4.4m,0.08
Chirewa,Wolves,M,0.05,0.05,0.05,0.06,0.06,0.07,0.34,4.4m,0.08
Chiwome,Wolves,F,0.05,0.05,0.05,0.06,0.06,0.07,0.34,4.5m,0.07
Patterson,Sunderland,GK,0.03,0.04,0.05,0.05,0.08,0.07,0.33,4.4m,0.07
Kostoulas,Brighton,F,0,0.03,0.04,0.06,0.09,0.09,0.3,4.9m,0.06
Burrowes,Aston Villa,M,0.05,0.05,0.05,0.06,0.05,0.05,0.3,4.5m,0.07
Humphreys,Burnley,D,0.03,0.04,0.03,0.05,0.08,0.08,0.3,4m,0.07
Silcott-Duberry,Bournemouth,M,0.07,0.04,0.04,0.05,0.04,0.05,0.29,4.5m,0.07
Barnes,Burnley,F,0.05,0.04,0.04,0.05,0.06,0.06,0.29,4.4m,0.07
Coleman,Everton,D,0.05,0.03,0.05,0.05,0.05,0.07,0.29,4.5m,0.06
Scarles,West Ham,D,0.04,0.05,0.05,0.03,0.06,0.06,0.28,4.4m,0.06
Krejci,Wolves,D,0.03,0.05,0.03,0.04,0.05,0.06,0.28,4.5m,0.06
Earthy,West Ham,M,0,0.02,0.04,0.05,0.08,0.09,0.27,4.5m,0.06
Pond,Wolves,D,0.03,0.04,0.03,0.04,0.05,0.06,0.27,4m,0.07
Moore,Sunderland,GK,0.03,0.04,0.04,0.04,0.06,0.05,0.26,4m,0.06
Banel,Burnley,M,0.05,0.04,0.04,0.04,0.05,0.04,0.25,4.5m,0.06
Lascelles,Newcastle,D,0.05,0.03,0.03,0.04,0.04,0.06,0.25,4.4m,0.06
L.Guilherme,West Ham,M,0,0.02,0.03,0.04,0.07,0.08,0.25,4.9m,0.05
Maghoma,Brentford,M,0.04,0.03,0.04,0.04,0.05,0.05,0.25,4.5m,0.05
Krafth,Newcastle,D,0.05,0.03,0.03,0.04,0.04,0.05,0.24,4.5m,0.05
Agbinone,Crystal Palace,M,0.07,0.02,0.03,0.03,0.04,0.04,0.23,4.5m,0.05
D.Leon,Man Utd,D,0.04,0.03,0.04,0.05,0.03,0.04,0.22,4.4m,0.05
Kone,Man Utd,M,0.04,0.03,0.03,0.04,0.03,0.04,0.21,4.5m,0.05
Fredricson,Man Utd,D,0.03,0.03,0.04,0.05,0.03,0.04,0.21,4m,0.05
Sadi,Bournemouth,M,0.05,0.03,0.03,0.03,0.03,0.04,0.21,4.5m,0.05
Konak,Brentford,M,0.04,0.03,0.03,0.03,0.03,0.03,0.21,4.4m,0.05
Doucoure,Crystal Palace,M,0,0,0,0.02,0.09,0.1,0.2,5m,0.04
Ji-soo,Brentford,D,0.04,0.03,0.03,0.03,0.03,0.03,0.19,4m,0.05
Kporha,Crystal Palace,D,0.06,0.02,0.02,0.03,0.03,0.03,0.18,4m,0.05
Jordan,Burnley,D,0,0.02,0.02,0.03,0.06,0.06,0.18,4m,0.05
Bevan,Bournemouth,D,0,0.01,0.02,0.03,0.05,0.06,0.18,4m,0.04
Akinmboni,Bournemouth,D,0,0.01,0.02,0.03,0.05,0.06,0.18,4m,0.04
G.Jesus,Arsenal,F,0,0,0,0,0.06,0.12,0.17,6.5m,0.03
Phillips,Man City,M,0.04,0.02,0.03,0.03,0.03,0.03,0.17,4.9m,0.03
Marshall,West Ham,F,0,0.01,0.02,0.02,0.04,0.04,0.14,4.4m,0.03
Fraser,Wolves,F,0,0.01,0.02,0.02,0.03,0.04,0.13,4.4m,0.03
Nunes,Brentford,M,0,0.01,0.02,0.02,0.03,0.03,0.12,4.9m,0.02
Amdouni,Burnley,F,0,0.01,0.02,0.02,0.03,0.03,0.11,4.9m,0.02
Lucas Pires,Burnley,D,0,0.01,0.01,0.02,0.03,0.03,0.09,4m,0.02
Nyoni,Liverpool,M,0,0.01,0.01,0.02,0.02,0.03,0.09,4.4m,0.02
Delcroix,Burnley,D,0,0.01,0.01,0.01,0.03,0.03,0.09,4m,0.02
Danns,Liverpool,F,0,0.01,0.01,0.01,0.02,0.02,0.08,4.4m,0.02
Gonzalez,Wolves,M,0,0.01,0.01,0.02,0.02,0.02,0.08,4.4m,0.02
J.Fletcher,Man Utd,M,0,0.01,0.01,0.02,0.02,0.02,0.08,4.4m,0.02
Bentley,Wolves,GK,0,0.01,0.01,0.01,0.02,0.03,0.08,4m,0.02
Matthews,Crystal Palace,GK,0,0.01,0.01,0.01,0.02,0.02,0.07,4m,0.02
Sousa,Aston Villa,D,0,0.01,0.01,0.02,0.02,0.02,0.07,4m,0.02
Kuol,Newcastle,M,0,0.01,0.01,0.01,0.02,0.02,0.07,4.5m,0.02
Nna Noukeu,Sunderland,GK,0,0,0.01,0.01,0.02,0.02,0.07,4m,0.02
Ebere,Everton,M,0,0.01,0.01,0.01,0.02,0.02,0.07,4.5m,0.02
Yasin,Aston Villa,D,0,0.01,0.01,0.02,0.02,0.02,0.07,4m,0.02
Fitzgerald,Man Utd,M,0,0.01,0.01,0.01,0.02,0.02,0.07,4.5m,0.01
Moorhouse,Man Utd,M,0,0.01,0.01,0.01,0.02,0.02,0.07,4.5m,0.01
McConnell,Liverpool,M,0,0.01,0.01,0.01,0.02,0.02,0.06,4.4m,0.01
Bates,Everton,M,0,0.01,0.01,0.01,0.01,0.02,0.06,4.5m,0.01
D.Essugo,Chelsea,M,0,0,0,0,0.02,0.03,0.05,4.4m,0.01
Austin,Tottenham,GK,0,0,0.01,0.01,0.01,0.01,0.04,4m,0.01
Heaton,Man Utd,GK,0,0,0.01,0.01,0.01,0.01,0.04,4m,0.01
Cairns,Leeds,GK,0,0,0,0,0.01,0.01,0.02,4m,0.01
Hayden,Newcastle,M,0,0,0,0,0,0,0,4.5m,0
Edouard,Crystal Palace,F,0,0,0,0,0,0,0,5m,0
Metcalfe,Everton,M,0,0,0,0,0,0,0,4.5m,0
Darwin,Liverpool,F,0,0,0,0,0,0,0,6.5m,0
Mateo Joseph,Leeds,F,0,0,0,0,0,0,0,5m,0
Bamford,Leeds,F,0,0,0,0,0,0,0,4.9m,0
Onyango,Everton,M,0,0,0,0,0,0,0,4.5m,0
Y.Chermiti,Everton,F,0,0,0,0,0,0,0,4.9m,0
N.Jackson,Chelsea,F,0,0,0,0,0,0,0,6.5m,0
Armstrong,Everton,M,0,0,0,0,0,0,0,4.5m,0
Ferguson,Brighton,F,0,0,0,0,0,0,0,5.5m,0
Obafemi,Burnley,F,0,0,0,0,0,0,0,4.4m,0
Redmond,Aston Villa,F,0,0,0,0,0,0,0,4.5m,0
Tolu,Wolves,F,0,0,0,0,0,0,0,5.5m,0
Luis Hemir,Sunderland,F,0,0,0,0,0,0,0,4.4m,0
Andreas,Fulham,M,0,0,0,0,0,0,0,5.3m,0
Godo,Fulham,M,0,0,0,0,0,0,0,4.5m,0
Heath,Everton,M,0,0,0,0,0,0,0,4.5m,0
Ozoh,Crystal Palace,M,0,0,0,0,0,0,0,4.5m,0
Wheatley,Man Utd,F,0,0,0,0,0,0,0,4.5m,0
Yalcouye,Brighton,M,0,0,0,0,0,0,0,5m,0
H.Traore,Bournemouth,M,0,0,0,0,0,0,0,4.5m,0
Winterburn,Bournemouth,M,0,0,0,0,0,0,0,4.5m,0
Trevitt,Brentford,M,0,0,0,0,0,0,0,4.5m,0
Enciso,Brighton,M,0,0,0,0,0,0,0,5.4m,0
O'Riley,Brighton,M,0,0,0,0,0,0,0,5.5m,0
Sima,Brighton,M,0,0,0,0,0,0,0,5.4m,0
Sarmiento,Brighton,M,0,0,0,0,0,0,0,4.9m,0
Moran,Brighton,M,0,0,0,0,0,0,0,4.5m,0
M.Franca,Crystal Palace,M,0,0,0,0,0,0,0,4.5m,0
Fabio Silva,Wolves,F,0,0,0,0,0,0,0,4.9m,0
Lankshear,Tottenham,F,0,0,0,0,0,0,0,4.5m,0
Rusyn,Sunderland,F,0,0,0,0,0,0,0,4.4m,0
Nkunku,Chelsea,M,0,0,0,0,0,0,0,5.9m,0
Paez,Chelsea,M,0,0,0,0,0,0,0,4.5m,0
Hojlund,Man Utd,F,0,0,0,0,0,0,0,6.3m,0
Ebiowei,Crystal Palace,M,0,0,0,0,0,0,0,4.5m,0
Neave,Newcastle,F,0,0,0,0,0,0,0,4.4m,0
Harris,Fulham,M,0,0,0,0,0,0,0,4.5m,0
White,Newcastle,M,0,0,0,0,0,0,0,4.5m,0
Solomon,Tottenham,M,0,0,0,0,0,0,0,5.4m,0
Antony,Man Utd,M,0,0,0,0,0,0,0,5.9m,0
Collyer,Man Utd,M,0,0,0,0,0,0,0,4.5m,0
Cornet,West Ham,M,0,0,0,0,0,0,0,4.9m,0
Alvarez,West Ham,M,0,0,0,0,0,0,0,4.9m,0
Philip,Bournemouth,M,0,0,0,0,0,0,0,4.9m,0
Min-hyeok,Tottenham,M,0,0,0,0,0,0,0,4.5m,0
Moore,Tottenham,M,0,0,0,0,0,0,0,5m,0
Son,Tottenham,M,0,0,0,0,0,0,0,8.5m,0
Orford,West Ham,M,0,0,0,0,0,0,0,4.4m,0
Ekwah,Sunderland,M,0,0,0,0,0,0,0,4.5m,0
Browne,Sunderland,M,0,0,0,0,0,0,0,4.5m,0
Aleksic,Sunderland,M,0,0,0,0,0,0,0,4.9m,0
Roberts,Sunderland,M,0,0,0,0,0,0,0,5.4m,0
Stamenic,Nott'm Forest,M,0,0,0,0,0,0,0,4.5m,0
Da Silva Moreira,Nott'm Forest,M,0,0,0,0,0,0,0,4.5m,0
O'Brien,Nott'm Forest,M,0,0,0,0,0,0,0,5m,0
Rashford,Man Utd,M,0,0,0,0,0,0,0,7m,0
Nypan,Man City,M,0,0,0,0,0,0,0,5m,0
Greenwood,Leeds,M,0,0,0,0,0,0,0,4.9m,0
Havertz,Arsenal,F,0,0,0,0,0,0,0,7.4m,0
Ramazani,Leeds,M,0,0,0,0,0,0,0,4.9m,0
Sherif,Everton,F,0,0,0,0,0,0,0,4.4m,0
Uche,Crystal Palace,F,0,0,0,0,0,0,0,5.5m,0
Marsh,Crystal Palace,F,0,0,0,0,0,0,0,4.5m,0
Morgan,Brentford,F,0,0,0,0,0,0,0,4.4m,0
Crew,Leeds,M,0,0,0,0,0,0,0,4.5m,0
Adu-Adjei,Bournemouth,F,0,0,0,0,0,0,0,4.4m,0
Gelhardt,Leeds,M,0,0,0,0,0,0,0,4.5m,0
Echeverri,Man City,M,0,0,0,0,0,0,0,5.4m,0
Gyabi,Leeds,M,0,0,0,0,0,0,0,4.5m,0
Luis Diaz,Liverpool,M,0,0,0,0,0,0,0,8m,0
Hodge,Wolves,M,0,0,0,0,0,0,0,4.5m,0
Morton,Liverpool,M,0,0,0,0,0,0,0,4.5m,0
Gundogan,Man City,M,0,0,0,0,0,0,0,6.3m,0
B.Traore,Wolves,M,0,0,0,0,0,0,0,5m,0
Guedes,Wolves,M,0,0,0,0,0,0,0,5.5m,0
Sinisterra,Bournemouth,M,0,0,0,0,0,0,0,5m,0
Turner,Nott'm Forest,GK,0,0,0,0,0,0,0,4m,0
Adewumi,Burnley,M,0,0,0,0,0,0,0,4.5m,0
Zabarnyi,Bournemouth,D,0,0,0,0,0,0,0,5m,0
A.Murphy,Newcastle,D,0,0,0,0,0,0,0,4m,0
Ashby,Newcastle,D,0,0,0,0,0,0,0,4m,0
Pivas,Newcastle,D,0,0,0,0,0,0,0,4m,0
Abbott,Nott'm Forest,D,0,0,0,0,0,0,0,4m,0
Savona,Nott'm Forest,D,0,0,0,0,0,0,0,4.5m,0
Anderson,Sunderland,D,0,0,0,0,0,0,0,4m,0
Johnson,Sunderland,D,0,0,0,0,0,0,0,4m,0
Pembele,Sunderland,D,0,0,0,0,0,0,0,4m,0
Geertruida,Sunderland,D,0,0,0,0,0,0,0,4.5m,0
Takai,Tottenham,D,0,0,0,0,0,0,0,4m,0
Kiwior,Arsenal,D,0,0,0,0,0,0,0,5.4m,0
Alex Moreno,Aston Villa,D,0,0,0,0,0,0,0,4m,0
Dodgson,Burnley,D,0,0,0,0,0,0,0,4m,0
Sambo,Burnley,D,0,0,0,0,0,0,0,4m,0
Mepham,Bournemouth,D,0,0,0,0,0,0,0,4m,0
Leoni,Liverpool,D,0,0,0,0,0,0,0,5m,0
Roerslev,Brentford,D,0,0,0,0,0,0,0,4.5m,0
Meghoma,Brentford,D,0,0,0,0,0,0,0,4m,0
Estupinan,Brighton,D,0,0,0,0,0,0,0,4.5m,0
Lamptey,Brighton,D,0,0,0,0,0,0,0,4.4m,0
Cashin,Brighton,D,0,0,0,0,0,0,0,4m,0
M.Sarr,Chelsea,D,0,0,0,0,0,0,0,4.5m,0
Anselmino,Chelsea,D,0,0,0,0,0,0,0,4m,0
Holding,Crystal Palace,D,0,0,0,0,0,0,0,4m,0
Schmidt,Leeds,D,0,0,0,0,0,0,0,4m,0
Akanji,Man City,D,0,0,0,0,0,0,0,5.4m,0
Vitor Reis,Man City,D,0,0,0,0,0,0,0,5m,0
Amass,Man Utd,D,0,0,0,0,0,0,0,4m,0
Targett,Newcastle,D,0,0,0,0,0,0,0,4m,0
David Carmo,Nott'm Forest,D,0,0,0,0,0,0,0,4.5m,0
Malacia,Man Utd,D,0,0,0,0,0,0,0,4m,0
Ramsay,Liverpool,D,0,0,0,0,0,0,0,3.9m,0
Cuiabano,Nott'm Forest,D,0,0,0,0,0,0,0,4.5m,0
Kacurri,Arsenal,D,0,0,0,0,0,0,0,4m,0
Odysseas,Newcastle,GK,0,0,0,0,0,0,0,4m,0
Harrison,Man Utd,GK,0,0,0,0,0,0,0,4m,0
Ederson M.,Man City,GK,0,0,0,0,0,0,0,5.3m,0
Benda,Fulham,GK,0,0,0,0,0,0,0,4m,0
Penders,Chelsea,GK,0,0,0,0,0,0,0,4m,0
Scherpen,Brighton,GK,0,0,0,0,0,0,0,4m,0
Rushworth,Brighton,GK,0,0,0,0,0,0,0,4m,0
Paulsen,Bournemouth,GK,0,0,0,0,0,0,0,4m,0
Neto,Bournemouth,GK,0,0,0,0,0,0,0,4.5m,0
Green,Burnley,GK,0,0,0,0,0,0,0,4m,0
Marschall,Aston Villa,GK,0,0,0,0,0,0,0,4m,0
Gauci,Aston Villa,GK,0,0,0,0,0,0,0,4m,0
Hein,Arsenal,GK,0,0,0,0,0,0,0,4m,0
Clarke,Arsenal,D,0,0,0,0,0,0,0,4m,0
Nichols,Arsenal,D,0,0,0,0,0,0,0,4m,0
R.Williams,Liverpool,D,0,0,0,0,0,0,0,3.9m,0
Rowe,Aston Villa,D,0,0,0,0,0,0,0,4m,0
Patterson,Aston Villa,D,0,0,0,0,0,0,0,4m,0
Lindelof,Aston Villa,D,0,0,0,0,0,0,0,4.5m,0
Milosavljevic,Bournemouth,D,0,0,0,0,0,0,0,4.5m,0
Arthur,Brentford,D,0,0,0,0,0,0,0,4m,0
Fredrick,Brentford,D,0,0,0,0,0,0,0,4m,0
Webster,Brighton,D,0,0,0,0,0,0,0,4.4m,0
Slater,Brighton,D,0,0,0,0,0,0,0,4m,0
Tasker,Brighton,D,0,0,0,0,0,0,0,4m,0
Colwill,Chelsea,D,0,0,0,0,0,0,0,4.9m,0
Chadi Riad,Crystal Palace,D,0,0,0,0,0,0,0,4m,0
Canvot,Crystal Palace,D,0,0,0,0,0,0,0,4.5m,0
Welch,Everton,D,0,0,0,0,0,0,0,4m,0
Campbell,Everton,D,0,0,0,0,0,0,0,4m,0
O.Richards,Nott'm Forest,D,0,0,0,0,0,0,0,4.5m,0
Huggins,Sunderland,D,0,0,0,0,0,0,0,4m,0
A.Ramsey,Burnley,M,0,0,0,0,0,0,0,4.4m,0
Ba,Sunderland,M,0,0,0,0,0,0,0,4.4m,0
Rees-Dottin,Bournemouth,M,0,0,0,0,0,0,0,4.5m,0
Donovan,Brentford,M,0,0,0,0,0,0,0,4.5m,0
Peart-Harris,Brentford,M,0,0,0,0,0,0,0,4.5m,0
Watson,Brighton,M,0,0,0,0,0,0,0,5m,0
Knight,Brighton,M,0,0,0,0,0,0,0,4.5m,0
Mazilu,Brighton,M,0,0,0,0,0,0,0,4.5m,0
Mudryk,Chelsea,M,0,0,0,0,0,0,0,5m,0
Ahamada,Crystal Palace,M,0,0,0,0,0,0,0,4.5m,0
J.Rak-Sakyi,Crystal Palace,M,0,0,0,0,0,0,0,4.5m,0
Umeh,Crystal Palace,M,0,0,0,0,0,0,0,4.5m,0
Rohl,Everton,M,0,0,0,0,0,0,0,5m,0
Bajcetic,Liverpool,M,0,0,0,0,0,0,0,4.4m,0
Antonito C.,Newcastle,M,0,0,0,0,0,0,0,4.9m,0
Poveda,Sunderland,M,0,0,0,0,0,0,0,4.9m,0
H.Jones,Sunderland,M,0,0,0,0,0,0,0,4.5m,0
Young,Aston Villa,M,0,0,0,0,0,0,0,4.5m,0
Matete,Sunderland,M,0,0,0,0,0,0,0,4.4m,0
Traore,Sunderland,M,0,0,0,0,0,0,0,5.5m,0
Maddison,Tottenham,M,0,0,0,0,0,0,0,6.9m,0
Bryan,Tottenham,M,0,0,0,0,0,0,0,4.9m,0
Olusesi,Tottenham,M,0,0,0,0,0,0,0,4.4m,0
Fabio Vieira,Arsenal,M,0,0,0,0,0,0,0,5.4m,0
Kabia,Arsenal,M,0,0,0,0,0,0,0,4.5m,0
Sambi,Arsenal,M,0,0,0,0,0,0,0,4.5m,0
Bailey,Aston Villa,M,0,0,0,0,0,0,0,5.5m,0
Barrenechea,Aston Villa,M,0,0,0,0,0,0,0,5m,0
Dobbin,Aston Villa,M,0,0,0,0,0,0,0,5m,0
Dendoncker,Aston Villa,M,0,0,0,0,0,0,0,4.5m,0
Churlinov,Burnley,M,0,0,0,0,0,0,0,4.9m,0
Koleosho,Burnley,M,0,0,0,0,0,0,0,5m,0
Faivre,Bournemouth,M,0,0,0,0,0,0,0,4.5m,0
Broggio,Aston Villa,M,0,0,0,0,0,0,0,4.5m,0
Seelt,Sunderland,D,0,0,0,0,0,0,0,4m,0
Ortega Moreno,Man City,GK,0,0,0,0,0,0,0,4.9m,0
Phillips,Tottenham,D,0,0,0,0,0,0,0,4m,0
Vuskovic,Tottenham,D,0,0,0,0,0,0,0,3.9m,0
Emerson,West Ham,D,0,0,0,0,0,0,0,4.4m,0
N.Aguerd,West Ham,D,0,0,0,0,0,0,0,4.4m,0
Casey,West Ham,D,0,0,0,0,0,0,0,4m,0
Meupiyou,Wolves,D,0,0,0,0,0,0,0,4m,0
Pedro Lima,Wolves,D,0,0,0,0,0,0,0,4m,0
Hegyi,West Ham,GK,0,0,0,0,0,0,0,4m,0
Foderingham,West Ham,GK,0,0,0,0,0,0,0,4m,0
John,Nott'm Forest,GK,0,0,0,0,0,0,0,4m,0
Gillespie,Newcastle,GK,0,0,0,0,0,0,0,4m,0
Mee,Man Utd,GK,0,0,0,0,0,0,0,4m,0
Onana,Man Utd,GK,0,0,0,0,0,0,0,4.9m,0
Bettinelli,Man City,GK,0,0,0,0,0,0,0,4m,0
Woodman,Liverpool,GK,0,0,0,0,0,0,0,4m,0
Harriman-Annous,Arsenal,M,0,0,0,0,0,0,0,4.5m,0
Pecsi,Liverpool,GK,0,0,0,0,0,0,0,4m,0
King,Everton,GK,0,0,0,0,0,0,0,4m,0
Tyrer,Everton,GK,0,0,0,0,0,0,0,4m,0
Slonina,Chelsea,GK,0,0,0,0,0,0,0,4m,0
McGill,Brighton,GK,0,0,0,0,0,0,0,4m,0
Eyestone,Brentford,GK,0,0,0,0,0,0,0,4m,0
Cox,Brentford,GK,0,0,0,0,0,0,0,4m,0
Balcombe,Brentford,GK,0,0,0,0,0,0,0,4m,0
McKenna,Bournemouth,GK,0,0,0,0,0,0,0,4m,0
Hladky,Burnley,GK,0,0,0,0,0,0,0,4m,0
Proctor,Aston Villa,GK,0,0,0,0,0,0,0,4m,0
Wright,Aston Villa,GK,0,0,0,0,0,0,0,4m,0
Setford,Arsenal,GK,0,0,0,0,0,0,0,4m,0
C.Miguel,Nott'm Forest,GK,0,0,0,0,0,0,0,4m,0
Kalajdzic,Wolves,F,0,0,0,0,0,0,0,4.9m,0
