"player_id","minutes","goals_scored","assists","clean_sheets","goals_conceded","own_goals","penalties_saved","penalties_missed","yellow_cards","red_cards","saves","bonus","bps","influence","creativity","threat","ict_index","starts","expected_goals","expected_assists","expected_goal_involvements","expected_goals_conceded","total_points","in_dreamteam","gameweek"
"1","0","0","0","0","0","0","0","0","0","0","0","0","0","0.0","0.0","0.0","0.0","0","0.00","0.00","0.00","0.00","0","FALSE",1
"2","5","0","0","0","0","0","0","0","1","0","0","0","1","0.2","0.8","0.0","0.1","0","0.00","0.00","0.00","0.15","0","FALSE",1
"3","90","0","0","1","0","0","0","0","0","0","0","0","22","13.8","1.4","8.0","2.3","1","0.12","0.02","0.14","0.47","6","FALSE",1
"4","90","1","1","1","0","0","0","0","0","0","0","3","48","54.8","24.1","46.0","12.5","1","0.45","0.04","0.49","0.47","12","TRUE",1
"5","0","0","0","0","0","0","0","0","0","0","0","0","0","0.0","0.0","0.0","0.0","0","0.00","0.00","0.00","0.00","0","FALSE",1
"6","21","0","0","0","0","0","0","0","0","0","0","0","2","0.0","0.8","8.0","0.8","0","0.02","0.01","0.03","0.15","1","FALSE",1
"7","0","0","0","0","0","0","0","0","0","0","0","0","0","0.0","0.0","0.0","0.0","0","0.00","0.00","0.00","0.00","0","FALSE",1
"8","0","0","0","0","0","0","0","0","0","0","0","0","0","0.0","0.0","0.0","0.0","0","0.00","0.00","0.00","0.00","0","FALSE",1
"9","90","0","0","1","0","0","0","0","0","0","0","0","16","13.6","36.7","25.0","7.5","1","0.08","0.19","0.27","0.47","3","FALSE",1
"10","0","0","0","0","0","0","0","0","0","0","0","0","0","0.0","0.0","0.0","0.0","0","0.00","0.00","0.00","0.00","0","FALSE",1
"11","0","0","0","0","0","0","0","0","0","0","0","0","0","0.0","0.0","0.0","0.0","0","0.00","0.00","0.00","0.00","0","FALSE",1
"12","0","0","0","0","0","0","0","0","0","0","0","0","0","0.0","0.0","0.0","0.0","0","0.00","0.00","0.00","0.00","0","FALSE",1
"13","90","0","0","1","0","0","0","0","0","0","0","0","16","15.0","24.0","15.0","5.4","1","0.02","0.06","0.08","0.47","3","FALSE",1
"14","0","0","0","0","0","0","0","0","0","0","0","0","0","0.0","0.0","0.0","0.0","0","0.00","0.00","0.00","0.00","0","FALSE",1
"15","90","0","0","1","0","0","0","0","0","0","3","1","28","28.0","0.0","0.0","2.8","1","0.00","0.00","0.00","0.47","8","FALSE",1
"16","84","0","0","1","0","0","0","0","0","0","0","0","9","6.6","13.4","8.0","2.8","1","0.09","0.05","0.14","0.32","3","FALSE",1
"17","79","1","1","1","0","0","0","0","1","0","0","2","42","64.2","61.7","78.0","20.4","1","0.35","0.37","0.72","0.32","12","TRUE",1
"18","90","0","0","1","0","0","0","0","0","0","0","0","26","14.8","0.9","0.0","1.6","1","0.00","0.00","0.00","0.47","6","FALSE",1
"19","63","0","0","1","0","0","0","0","0","0","0","0","11","4.0","3.8","0.0","0.8","1","0.00","0.00","0.00","1.50","3","FALSE",1
"20","90","0","0","1","0","0","0","0","0","0","0","0","16","14.4","43.6","1.0","5.9","1","0.06","0.06","0.12","0.47","3","FALSE",1
"21","0","0","0","0","0","0","0","0","0","0","0","0","0","0.0","0.0","0.0","0.0","0","0.00","0.00","0.00","0.00","0","FALSE",1
"22","0","0","0","0","0","0","0","0","0","0","0","0","0","0.0","0.0","0.0","0.0","0","0.00","0.00","0.00","0.00","0","FALSE",1
"23","10","0","0","0","0","0","0","0","0","0","0","0","2","4.2","0.3","0.0","0.5","0","0.00","0.00","0.00","0.15","1","FALSE",1
"24","90","0","0","1","0","0","0","0","0","0","0","0","22","5.8","1.3","8.0","1.5","1","0.07","0.06","0.13","0.47","6","FALSE",1
"25","68","0","0","1","0","0","0","0","0","0","0","0","22","7.2","4.9","6.0","1.8","1","0.00","0.04","0.04","0.32","6","FALSE",1
"26","0","0","0","0","0","0","0","0","0","0","0","0","0","0.0","0.0","0.0","0.0","0","0.00","0.00","0.00","0.00","0","FALSE",1
"27","19","0","0","0","0","0","0","0","0","0","0","0","4","1.0","0.1","22.0","2.3","0","0.19","0.00","0.19","0.00","1","FALSE",1
"28","73","0","0","0","1","0","0","0","1","0","0","0","1","0.0","30.5","13.0","4.2","1","0.21","0.21","0.42","1.39","1","FALSE",1
"29","0","0","0","0","0","0","0","0","0","0","0","0","0","0.0","0.0","0.0","0.0","0","0.00","0.00","0.00","0.00","0","FALSE",1
"30","0","0","0","0","0","0","0","0","0","0","0","0","0","0.0","0.0","0.0","0.0","0","0.00","0.00","0.00","0.00","0","FALSE",1
"31","0","0","0","0","0","0","0","0","0","0","0","0","0","0.0","0.0","0.0","0.0","0","0.00","0.00","0.00","0.00","0","FALSE",1
"32","81","0","0","0","1","0","0","0","0","0","0","0","7","9.0","12.4","2.0","2.3","1","0.00","0.01","0.01","1.41","2","FALSE",1
"33","0","0","0","0","0","0","0","0","0","0","0","0","0","0.0","0.0","0.0","0.0","0","0.00","0.00","0.00","0.00","0","FALSE",1
"34","0","0","0","0","0","0","0","0","0","0","0","0","0","0.0","0.0","0.0","0.0","0","0.00","0.00","0.00","0.00","0","FALSE",1
"35","0","0","0","0","0","0","0","0","0","0","0","0","0","0.0","0.0","0.0","0.0","0","0.00","0.00","0.00","0.00","0","FALSE",1
"36","73","0","0","0","1","0","0","0","0","0","0","0","14","14.4","19.2","0.0","3.4","1","0.00","0.13","0.13","1.39","2","FALSE",1
"37","0","0","0","0","0","0","0","0","0","0","0","0","0","0.0","0.0","0.0","0.0","0","0.00","0.00","0.00","0.00","0","FALSE",1
"38","28","1","0","0","0","0","0","0","0","0","0","1","30","34.4","2.1","23.0","6.0","0","0.38","0.00","0.38","1.17","6","FALSE",1
"39","0","0","0","0","0","0","0","0","0","0","0","0","0","0.0","0.0","0.0","0.0","0","0.00","0.00","0.00","0.00","0","FALSE",1
"40","0","0","0","0","0","0","0","0","0","0","0","0","0","0.0","0.0","0.0","0.0","0","0.00","0.00","0.00","0.00","0","FALSE",1
"41","0","0","0","0","0","0","0","0","0","0","0","0","0","0.0","0.0","0.0","0.0","0","0.00","0.00","0.00","0.00","0","FALSE",1
"42","0","0","0","0","0","0","0","0","0","0","0","0","0","0.0","0.0","0.0","0.0","0","0.00","0.00","0.00","0.00","0","FALSE",1
"43","0","0","0","0","0","0","0","0","0","0","0","0","0","0.0","0.0","0.0","0.0","0","0.00","0.00","0.00","0.00","0","FALSE",1
"44","90","0","0","0","1","0","0","0","0","0","0","0","10","13.4","14.1","7.0","3.5","1","0.07","0.01","0.08","2.46","2","FALSE",1
"45","16","0","0","0","0","0","0","0","0","0","0","0","5","8.8","10.5","0.0","1.9","0","0.00","0.04","0.04","1.06","1","FALSE",1
"46","0","0","0","0","0","0","0","0","0","0","0","0","0","0.0","0.0","0.0","0.0","0","0.00","0.00","0.00","0.00","0","FALSE",1
"47","90","0","0","0","1","0","0","0","0","0","3","0","11","25.8","0.0","0.0","2.6","1","0.00","0.00","0.00","2.46","3","FALSE",1
"48","61","0","0","0","1","0","0","0","0","0","0","0","6","1.6","2.6","15.0","1.9","1","0.30","0.01","0.31","1.28","2","FALSE",1
"49","0","0","0","0","0","0","0","0","0","0","0","0","0","0.0","0.0","0.0","0.0","0","0.00","0.00","0.00","0.00","0","FALSE",1
"50","8","0","0","0","0","0","0","0","0","0","0","0","6","4.2","0.3","0.0","0.5","0","0.00","0.00","0.00","1.04","1","FALSE",1
"51","0","0","0","0","0","0","0","0","0","0","0","0","0","0.0","0.0","0.0","0.0","0","0.00","0.00","0.00","0.00","0","FALSE",1
"52","90","0","0","0","1","0","0","0","0","0","0","0","17","29.2","1.9","0.0","3.1","1","0.00","0.01","0.01","2.46","2","FALSE",1
"53","28","0","1","0","0","0","0","0","0","0","0","0","18","18.4","12.3","7.0","3.8","0","0.06","0.13","0.19","1.17","4","FALSE",1
"54","90","0","0","0","1","0","0","0","0","0","0","0","14","17.8","23.3","16.0","5.7","1","0.21","0.08","0.29","2.46","2","FALSE",1
"55","0","0","0","0","0","0","0","0","0","0","0","0","0","0.0","0.0","0.0","0.0","0","0.00","0.00","0.00","0.00","0","FALSE",1
"56","0","0","0","0","0","0","0","0","0","0","0","0","0","0.0","0.0","0.0","0.0","0","0.00","0.00","0.00","0.00","0","FALSE",1
"57","90","0","1","0","1","0","0","0","0","0","0","2","33","32.4","42.5","4.0","7.9","1","0.18","0.24","0.42","2.46","7","FALSE",1
"58","61","0","0","0","1","0","0","0","0","0","0","0","3","0.0","0.2","4.0","0.3","1","0.00","0.00","0.00","1.28","2","FALSE",1
"59","0","0","0","0","0","0","0","0","0","0","0","0","0","0.0","0.0","0.0","0.0","0","0.00","0.00","0.00","0.00","0","FALSE",1
"60","0","0","0","0","0","0","0","0","0","0","0","0","0","0.0","0.0","0.0","0.0","0","0.00","0.00","0.00","0.00","0","FALSE",1
"61","0","0","0","0","0","0","0","0","0","0","0","0","0","0.0","0.0","0.0","0.0","0","0.00","0.00","0.00","0.00","0","FALSE",1
"62","0","0","0","0","0","0","0","0","0","0","0","0","0","0.0","0.0","0.0","0.0","0","0.00","0.00","0.00","0.00","0","FALSE",1
"63","27","0","0","0","0","0","0","0","0","0","0","0","5","3.6","1.1","2.0","0.7","0","0.00","0.01","0.01","0.28","1","FALSE",1
"64","83","0","0","0","1","0","0","0","1","0","0","0","12","10.8","16.0","0.0","2.7","1","0.00","0.21","0.21","1.04","1","FALSE",1
"65","0","0","0","0","0","0","0","0","0","0","0","0","0","0.0","0.0","0.0","0.0","0","0.00","0.00","0.00","0.00","0","FALSE",1
"66","0","0","0","0","0","0","0","0","0","0","0","0","0","0.0","0.0","0.0","0.0","0","0.00","0.00","0.00","0.00","0","FALSE",1
"67","0","0","0","0","0","0","0","0","0","0","0","0","0","0.0","0.0","0.0","0.0","0","0.00","0.00","0.00","0.00","0","FALSE",1
"68","0","0","0","0","0","0","0","0","0","0","0","0","0","0.0","0.0","0.0","0.0","0","0.00","0.00","0.00","0.00","0","FALSE",1
"69","21","0","0","0","0","0","0","0","0","0","0","0","4","3.2","10.6","2.0","1.6","0","0.00","0.00","0.00","0.28","1","FALSE",1
"70","90","0","0","0","1","0","0","0","1","0","0","0","5","12.0","12.7","2.0","2.7","1","0.00","0.01","0.01","1.30","1","FALSE",1
"71","26","0","0","0","0","0","0","0","1","0","0","0","0","1.8","6.7","6.0","1.5","0","0.00","0.02","0.02","0.28","0","FALSE",1
"72","0","0","0","0","0","0","0","0","0","0","0","0","0","0.0","0.0","0.0","0.0","0","0.00","0.00","0.00","0.00","0","FALSE",1
"73","90","0","0","0","1","0","0","0","0","0","7","0","17","47.0","0.0","0.0","4.7","1","0.00","0.00","0.00","1.30","4","FALSE",1
"74","68","0","0","0","1","0","0","0","0","0","0","0","8","8.2","3.0","11.0","2.2","1","0.22","0.01","0.23","1.02","2","FALSE",1
"75","0","0","0","0","0","0","0","0","0","0","0","0","0","0.0","0.0","0.0","0.0","0","0.00","0.00","0.00","0.00","0","FALSE",1
"76","6","0","0","0","0","0","0","0","0","0","0","0","1","2.0","0.0","2.0","0.4","0","0.00","0.00","0.00","0.26","1","FALSE",1
"77","62","0","0","0","1","0","0","0","0","0","0","0","11","22.8","12.8","0.0","3.6","1","0.00","0.01","0.01","1.02","2","FALSE",1
"78","90","1","0","0","1","0","0","0","0","0","0","1","25","39.0","6.7","53.0","9.9","1","0.44","0.04","0.48","1.30","8","FALSE",1
"79","0","0","0","0","0","0","0","0","0","0","0","0","0","0.0","0.0","0.0","0.0","0","0.00","0.00","0.00","0.00","0","FALSE",1
"80","63","0","0","0","1","0","0","0","0","0","0","0","7","7.0","1.8","23.0","3.2","1","0.15","0.02","0.17","1.02","2","FALSE",1
"81","62","0","0","0","1","0","0","0","0","0","0","0","8","7.8","4.5","0.0","1.2","1","0.00","0.01","0.01","1.02","2","FALSE",1
"82","90","0","0","0","1","0","0","0","0","0","0","0","17","19.0","15.3","61.0","9.5","1","0.34","0.15","0.49","1.02","2","FALSE",1
"83","90","0","0","0","1","0","0","0","0","0","0","0","14","10.2","41.4","27.0","7.9","1","0.42","0.12","0.54","1.30","2","FALSE",1
"84","0","0","0","0","0","0","0","0","0","0","0","0","0","0.0","0.0","0.0","0.0","0","0.00","0.00","0.00","0.00","0","FALSE",1
"85","90","0","0","0","1","0","0","0","0","0","0","0","9","15.6","1.1","0.0","1.7","1","0.00","0.02","0.02","1.30","2","FALSE",1
"86","90","0","0","0","1","0","0","0","0","0","0","0","4","7.8","1.3","33.0","4.2","1","0.28","0.00","0.28","1.17","2","FALSE",1
"87","0","0","0","0","0","0","0","0","0","0","0","0","0","0.0","0.0","0.0","0.0","0","0.00","0.00","0.00","0.00","0","FALSE",1
"88","90","0","1","0","1","0","0","0","0","0","0","1","23","39.4","0.5","17.0","5.7","1","0.22","0.00","0.22","1.17","6","FALSE",1
"89","16","0","0","0","0","0","0","0","0","0","0","0","3","1.8","1.3","0.0","0.3","0","0.00","0.00","0.00","0.67","1","FALSE",1
"90","0","0","0","0","0","0","0","0","0","0","0","0","0","0.0","0.0","0.0","0.0","0","0.00","0.00","0.00","0.00","0","FALSE",1
"91","90","0","0","0","1","0","0","0","0","0","6","0","22","46.4","0.0","0.0","4.6","1","0.00","0.00","0.00","1.17","4","FALSE",1
"92","0","0","0","0","0","0","0","0","0","0","0","0","0","0.0","0.0","0.0","0.0","0","0.00","0.00","0.00","0.00","0","FALSE",1
"93","0","0","0","0","0","0","0","0","0","0","0","0","0","0.0","0.0","0.0","0.0","0","0.00","0.00","0.00","0.00","0","FALSE",1
"94","73","0","0","0","1","0","0","0","0","0","0","0","10","11.2","15.1","5.0","3.1","1","0.07","0.03","0.10","0.50","2","FALSE",1
"95","83","0","0","0","1","0","0","0","0","0","0","0","11","11.2","17.9","0.0","2.9","1","0.00","0.03","0.03","0.61","2","FALSE",1
"96","0","0","0","0","0","0","0","0","0","0","0","0","0","0.0","0.0","0.0","0.0","0","0.00","0.00","0.00","0.00","0","FALSE",1
"97","0","0","0","0","0","0","0","0","0","0","0","0","0","0.0","0.0","0.0","0.0","0","0.00","0.00","0.00","0.00","0","FALSE",1
"98","16","0","0","0","0","0","0","0","0","0","0","0","4","2.0","0.5","0.0","0.3","0","0.00","0.00","0.00","0.67","1","FALSE",1
"99","89","1","0","0","1","0","0","0","0","0","0","2","35","40.8","50.2","17.0","10.8","1","0.09","0.45","0.54","1.17","9","FALSE",1
"100","1","0","0","0","0","0","0","0","0","0","0","0","3","0.0","0.1","0.0","0.0","0","0.00","0.00","0.00","0.00","1","FALSE",1
"101","90","0","0","0","1","0","0","0","0","0","0","0","15","17.8","12.3","0.0","3.0","1","0.00","0.01","0.01","1.17","2","FALSE",1
"102","6","0","0","0","0","0","0","0","0","0","0","0","2","0.0","0.0","0.0","0.0","0","0.00","0.00","0.00","0.56","1","FALSE",1
"103","0","0","0","0","0","0","0","0","0","0","0","0","0","0.0","0.0","0.0","0.0","0","0.00","0.00","0.00","0.00","0","FALSE",1
"104","90","0","0","0","1","1","0","0","0","0","0","0","3","18.8","0.1","17.0","3.6","1","0.01","0.00","0.01","1.17","0","FALSE",1
"105","90","0","0","0","1","0","0","0","0","0","0","0","4","7.6","1.2","0.0","0.9","1","0.00","0.00","0.00","1.17","2","FALSE",1
"106","73","0","0","0","1","0","0","0","0","0","0","0","-2","6.8","0.9","8.0","1.6","1","0.13","0.01","0.14","0.50","2","FALSE",1
"107","0","0","0","0","0","0","0","0","0","0","0","0","0","0.0","0.0","0.0","0.0","0","0.00","0.00","0.00","0.00","0","FALSE",1
"108","0","0","0","0","0","0","0","0","0","0","0","0","0","0.0","0.0","0.0","0.0","0","0.00","0.00","0.00","0.00","0","FALSE",1
"109","0","0","0","0","0","0","0","0","0","0","0","0","0","0.0","0.0","0.0","0.0","0","0.00","0.00","0.00","0.00","0","FALSE",1
"110","83","1","1","0","1","0","0","0","1","0","0","3","47","50.2","14.2","44.0","10.8","1","1.00","0.01","1.01","0.61","11","TRUE",1
"111","0","0","0","0","0","0","0","0","0","0","0","0","0","0.0","0.0","0.0","0.0","0","0.00","0.00","0.00","0.00","0","FALSE",1
"112","0","0","0","0","0","0","0","0","0","0","0","0","0","0.0","0.0","0.0","0.0","0","0.00","0.00","0.00","0.00","0","FALSE",1
"113","45","1","0","0","0","0","0","0","0","0","0","0","24","39.6","6.5","26.0","7.2","0","0.17","0.05","0.22","0.21","6","FALSE",1
"114","0","0","0","0","0","0","0","0","0","0","0","0","0","0.0","0.0","0.0","0.0","0","0.00","0.00","0.00","0.00","0","FALSE",1
"115","0","0","0","0","0","0","0","0","0","0","0","0","0","0.0","0.0","0.0","0.0","0","0.00","0.00","0.00","0.00","0","FALSE",1
"116","0","0","0","0","0","0","0","0","0","0","0","0","0","0.0","0.0","0.0","0.0","0","0.00","0.00","0.00","0.00","0","FALSE",1
"117","78","0","0","0","1","0","0","0","0","0","0","0","13","11.4","19.9","0.0","3.1","1","0.00","0.19","0.19","0.98","2","FALSE",1
"118","0","0","0","0","0","0","0","0","0","0","0","0","0","0.0","0.0","0.0","0.0","0","0.00","0.00","0.00","0.00","0","FALSE",1
"119","0","0","0","0","0","0","0","0","0","0","0","0","0","0.0","0.0","0.0","0.0","0","0.00","0.00","0.00","0.00","0","FALSE",1
"120","75","0","0","1","0","0","0","0","0","0","0","0","23","7.0","0.3","6.0","1.3","1","0.07","0.00","0.07","0.45","6","FALSE",1
"121","0","0","0","0","0","0","0","0","0","0","0","0","0","0.0","0.0","0.0","0.0","0","0.00","0.00","0.00","0.00","0","FALSE",1
"122","0","0","0","0","0","0","0","0","0","0","0","0","0","0.0","0.0","0.0","0.0","0","0.00","0.00","0.00","0.00","0","FALSE",1
"123","0","0","0","0","0","0","0","0","0","0","0","0","0","0.0","0.0","0.0","0.0","0","0.00","0.00","0.00","0.00","0","FALSE",1
"124","8","0","0","0","0","0","0","0","0","0","0","0","4","0.4","7.6","0.0","0.8","0","0.00","0.00","0.00","0.00","1","FALSE",1
"125","0","0","0","0","0","0","0","0","0","0","0","0","0","0.0","0.0","0.0","0.0","0","0.00","0.00","0.00","0.00","0","FALSE",1
"126","90","0","0","1","0","0","0","0","0","0","0","0","14","11.8","6.1","2.0","2.0","1","0.00","0.01","0.01","0.45","3","FALSE",1
"127","0","0","0","0","0","0","0","0","0","0","0","0","0","0.0","0.0","0.0","0.0","0","0.00","0.00","0.00","0.00","0","FALSE",1
"128","0","0","0","0","0","0","0","0","0","0","0","0","0","0.0","0.0","0.0","0.0","0","0.00","0.00","0.00","0.00","0","FALSE",1
"129","81","0","0","1","0","0","0","0","0","0","0","0","9","5.0","10.8","7.0","2.3","1","0.03","0.02","0.05","0.45","2","FALSE",1
"130","0","0","0","0","0","0","0","0","0","0","0","0","0","0.0","0.0","0.0","0.0","0","0.00","0.00","0.00","0.00","0","FALSE",1
"131","0","0","0","0","0","0","0","0","0","0","0","0","0","0.0","0.0","0.0","0.0","0","0.00","0.00","0.00","0.00","0","FALSE",1
"132","0","0","0","0","0","0","0","0","0","0","0","0","0","0.0","0.0","0.0","0.0","0","0.00","0.00","0.00","0.00","0","FALSE",1
"133","0","0","0","0","0","0","0","0","0","0","0","0","0","0.0","0.0","0.0","0.0","0","0.00","0.00","0.00","0.00","0","FALSE",1
"134","81","0","0","1","0","0","0","0","1","0","0","0","10","22.4","43.8","4.0","7.0","1","0.00","0.11","0.11","0.45","2","FALSE",1
"135","45","0","1","0","0","0","0","0","0","0","0","0","18","25.0","31.4","8.0","6.4","1","0.00","0.65","0.65","0.25","4","FALSE",1
"136","88","1","0","1","0","0","0","0","0","0","0","0","27","48.2","4.1","80.0","13.2","1","0.97","0.04","1.01","0.45","8","FALSE",1
"137","0","0","0","0","0","0","0","0","0","0","0","0","0","0.0","0.0","0.0","0.0","0","0.00","0.00","0.00","0.00","0","FALSE",1
"138","0","0","0","0","0","0","0","0","0","0","0","0","0","0.0","0.0","0.0","0.0","0","0.00","0.00","0.00","0.00","0","FALSE",1
"139","0","0","0","0","0","0","0","0","0","0","0","0","0","0.0","0.0","0.0","0.0","0","0.00","0.00","0.00","0.00","0","FALSE",1
"140","0","0","0","0","0","0","0","0","0","0","0","0","0","0.0","0.0","0.0","0.0","0","0.00","0.00","0.00","0.00","0","FALSE",1
"141","8","0","0","0","0","0","0","0","0","0","0","0","3","0.2","0.8","0.0","0.1","0","0.00","0.00","0.00","0.00","1","FALSE",1
"142","90","0","0","1","0","0","0","0","0","0","1","1","31","18.6","0.0","0.0","1.9","1","0.00","0.00","0.00","0.45","7","FALSE",1
"143","0","0","0","0","0","0","0","0","0","0","0","0","0","0.0","0.0","0.0","0.0","0","0.00","0.00","0.00","0.00","0","FALSE",1
"144","90","0","0","1","0","0","0","0","0","0","0","0","28","18.8","0.5","0.0","1.9","1","0.00","0.00","0.00","0.45","6","FALSE",1
"145","90","0","0","1","0","0","0","0","0","0","0","2","34","20.6","1.3","0.0","2.2","1","0.00","0.00","0.00","0.45","8","TRUE",1
"146","0","0","0","0","0","0","0","0","0","0","0","0","0","0.0","0.0","0.0","0.0","0","0.00","0.00","0.00","0.00","0","FALSE",1
"147","14","0","0","0","0","0","0","0","0","0","0","0","9","5.6","0.7","2.0","0.8","0","0.00","0.02","0.02","0.00","1","FALSE",1
"148","90","1","1","1","0","0","0","0","0","0","0","3","41","61.4","24.8","25.0","11.1","1","0.20","0.04","0.24","0.45","12","TRUE",1
"149","90","0","1","1","0","0","0","0","0","0","0","0","20","31.0","16.3","0.0","4.7","1","0.00","0.02","0.02","0.45","6","FALSE",1
"150","0","0","0","0","0","0","0","0","0","0","0","0","0","0.0","0.0","0.0","0.0","0","0.00","0.00","0.00","0.00","0","FALSE",1
"151","0","0","0","0","0","0","0","0","0","0","0","0","0","0.0","0.0","0.0","0.0","0","0.00","0.00","0.00","0.00","0","FALSE",1
"152","0","0","0","0","0","0","0","0","0","0","0","0","0","0.0","0.0","0.0","0.0","0","0.00","0.00","0.00","0.00","0","FALSE",1
"153","0","0","0","0","0","0","0","0","0","0","0","0","0","0.0","0.0","0.0","0.0","0","0.00","0.00","0.00","0.00","0","FALSE",1
"154","0","0","0","0","0","0","0","0","0","0","0","0","0","0.0","0.0","0.0","0.0","0","0.00","0.00","0.00","0.00","0","FALSE",1
"155","0","0","0","0","0","0","0","0","0","0","0","0","0","0.0","0.0","0.0","0.0","0","0.00","0.00","0.00","0.00","0","FALSE",1
"156","0","0","0","0","0","0","0","0","0","0","0","0","0","0.0","0.0","0.0","0.0","0","0.00","0.00","0.00","0.00","0","FALSE",1
"157","90","0","0","0","2","0","0","0","1","0","0","0","12","11.6","28.3","2.0","4.2","1","0.03","0.06","0.09","0.77","1","FALSE",1
"158","0","0","0","0","0","0","0","0","0","0","0","0","0","0.0","0.0","0.0","0.0","0","0.00","0.00","0.00","0.00","0","FALSE",1
"159","0","0","0","0","0","0","0","0","0","0","0","0","0","0.0","0.0","0.0","0.0","0","0.00","0.00","0.00","0.00","0","FALSE",1
"160","0","0","0","0","0","0","0","0","0","0","0","0","0","0.0","0.0","0.0","0.0","0","0.00","0.00","0.00","0.00","0","FALSE",1
"161","0","0","0","0","0","0","0","0","0","0","0","0","0","0.0","0.0","0.0","0.0","0","0.00","0.00","0.00","0.00","0","FALSE",1
"162","90","0","0","0","2","0","0","0","0","0","0","0","8","20.4","0.8","0.0","2.1","1","0.00","0.01","0.01","0.77","1","FALSE",1
"163","79","0","0","0","1","0","0","0","0","0","0","0","16","18.0","4.0","2.0","2.4","1","0.00","0.02","0.02","0.69","2","FALSE",1
"164","0","0","0","0","0","0","0","0","0","0","0","0","0","0.0","0.0","0.0","0.0","0","0.00","0.00","0.00","0.00","0","FALSE",1
"165","0","0","0","0","0","0","0","0","0","0","0","0","0","0.0","0.0","0.0","0.0","0","0.00","0.00","0.00","0.00","0","FALSE",1
"166","24","0","0","0","1","0","0","0","0","0","0","0","4","2.0","1.6","0.0","0.4","0","0.00","0.01","0.01","0.11","1","FALSE",1
"167","0","0","0","0","0","0","0","0","0","0","0","0","0","0.0","0.0","0.0","0.0","0","0.00","0.00","0.00","0.00","0","FALSE",1
"168","90","0","0","0","2","0","0","0","0","0","0","0","16","9.6","10.0","26.0","4.6","1","0.22","0.08","0.30","0.77","2","FALSE",1
"169","0","0","0","0","0","0","0","0","0","0","0","0","0","0.0","0.0","0.0","0.0","0","0.00","0.00","0.00","0.00","0","FALSE",1
"170","0","0","0","0","0","0","0","0","0","0","0","0","0","0.0","0.0","0.0","0.0","0","0.00","0.00","0.00","0.00","0","FALSE",1
"171","90","0","0","0","2","0","0","0","0","0","0","0","0","7.0","2.8","6.0","1.6","1","0.00","0.07","0.07","0.77","1","FALSE",1
"172","0","0","0","0","0","0","0","0","0","0","0","0","0","0.0","0.0","0.0","0.0","0","0.00","0.00","0.00","0.00","0","FALSE",1
"173","0","0","0","0","0","0","0","0","0","0","0","0","0","0.0","0.0","0.0","0.0","0","0.00","0.00","0.00","0.00","0","FALSE",1
"174","65","0","0","0","1","0","0","0","0","0","0","0","18","15.2","13.5","0.0","2.9","1","0.00","0.18","0.18","0.66","2","FALSE",1
"175","0","0","0","0","0","0","0","0","0","0","0","0","0","0.0","0.0","0.0","0.0","0","0.00","0.00","0.00","0.00","0","FALSE",1
"176","0","0","0","0","0","0","0","0","0","0","0","0","0","0.0","0.0","0.0","0.0","0","0.00","0.00","0.00","0.00","0","FALSE",1
"177","0","0","0","0","0","0","0","0","0","0","0","0","0","0.0","0.0","0.0","0.0","0","0.00","0.00","0.00","0.00","0","FALSE",1
"178","24","0","0","0","1","0","0","0","0","0","0","0","2","0.0","0.3","0.0","0.0","0","0.00","0.00","0.00","0.11","1","FALSE",1
"179","0","0","0","0","0","0","0","0","0","0","0","0","0","0.0","0.0","0.0","0.0","0","0.00","0.00","0.00","0.00","0","FALSE",1
"180","65","0","0","0","1","0","0","0","0","0","0","0","3","4.6","23.6","23.0","5.1","1","0.47","0.06","0.53","0.66","2","FALSE",1
"181","57","0","0","0","1","0","0","0","0","0","0","0","6","7.8","13.5","13.0","3.4","1","0.15","0.06","0.21","0.66","1","FALSE",1
"182","90","0","0","0","2","0","0","0","0","0","0","0","18","20.4","37.8","10.0","6.8","1","0.07","0.19","0.26","0.77","2","FALSE",1
"183","0","0","0","0","0","0","0","0","0","0","0","0","0","0.0","0.0","0.0","0.0","0","0.00","0.00","0.00","0.00","0","FALSE",1
"184","10","0","0","0","1","0","0","0","0","0","0","0","2","0.0","0.5","0.0","0.0","0","0.00","0.00","0.00","0.08","1","FALSE",1
"185","90","0","0","0","2","0","0","0","0","0","3","0","7","23.4","0.0","0.0","2.3","1","0.00","0.00","0.00","0.77","2","FALSE",1
"186","0","0","0","0","0","0","0","0","0","0","0","0","0","0.0","0.0","0.0","0.0","0","0.00","0.00","0.00","0.00","0","FALSE",1
"187","0","0","0","0","0","0","0","0","0","0","0","0","0","0.0","0.0","0.0","0.0","0","0.00","0.00","0.00","0.00","0","FALSE",1
"188","0","0","0","0","0","0","0","0","0","0","0","0","0","0.0","0.0","0.0","0.0","0","0.00","0.00","0.00","0.00","0","FALSE",1
"189","90","0","0","0","2","0","0","0","0","0","0","0","3","11.6","1.3","6.0","1.9","1","0.04","0.01","0.05","0.77","1","FALSE",1
"190","0","0","0","0","0","0","0","0","0","0","0","0","0","0.0","0.0","0.0","0.0","0","0.00","0.00","0.00","0.00","0","FALSE",1
"191","90","0","0","0","2","0","0","0","1","0","0","0","3","18.4","2.9","7.0","2.8","1","0.04","0.02","0.06","1.59","0","FALSE",1
"192","20","0","0","0","1","0","0","0","1","0","0","0","-5","0.2","12.8","7.0","2.0","0","0.46","0.01","0.47","0.95","0","FALSE",1
"193","6","0","0","0","0","0","0","0","0","0","0","0","4","0.4","2.8","0.0","0.3","0","0.00","0.00","0.00","0.00","1","FALSE",1
"194","83","0","0","0","2","0","0","0","1","0","0","0","1","16.4","1.8","0.0","1.8","1","0.00","0.01","0.01","1.59","0","FALSE",1
"195","0","0","0","0","0","0","0","0","0","0","0","0","0","0.0","0.0","0.0","0.0","0","0.00","0.00","0.00","0.00","0","FALSE",1
"196","0","0","0","0","0","0","0","0","0","0","0","0","0","0.0","0.0","0.0","0.0","0","0.00","0.00","0.00","0.00","0","FALSE",1
"197","0","0","0","0","0","0","0","0","0","0","0","0","0","0.0","0.0","0.0","0.0","0","0.00","0.00","0.00","0.00","0","FALSE",1
"198","45","0","0","0","1","0","0","0","0","0","0","0","1","0.0","10.7","5.0","1.5","0","0.05","0.02","0.07","1.09","1","FALSE",1
"199","90","0","0","0","2","0","0","0","0","0","0","0","14","12.4","6.8","65.0","8.4","1","0.41","0.05","0.46","1.59","2","FALSE",1
"200","90","0","0","0","2","0","0","0","1","0","0","0","9","21.0","2.6","0.0","2.4","1","0.00","0.02","0.02","1.59","0","FALSE",1
"201","90","0","0","0","2","0","0","0","0","0","3","0","5","26.4","0.0","0.0","2.6","1","0.00","0.00","0.00","1.59","2","FALSE",1
"202","0","0","0","0","0","0","0","0","0","0","0","0","0","0.0","0.0","0.0","0.0","0","0.00","0.00","0.00","0.00","0","FALSE",1
"203","83","0","0","0","2","0","0","0","0","0","0","0","10","14.2","14.0","4.0","3.2","1","0.00","0.05","0.05","1.59","2","FALSE",1
"204","0","0","0","0","0","0","0","0","0","0","0","0","0","0.0","0.0","0.0","0.0","0","0.00","0.00","0.00","0.00","0","FALSE",1
"205","69","0","0","0","1","0","0","0","1","0","0","0","2","7.8","25.0","4.0","3.7","1","0.00","0.06","0.06","0.64","1","FALSE",1
"206","16","0","0","0","1","0","0","0","0","0","0","0","7","3.4","14.4","0.0","1.8","0","0.00","0.32","0.32","0.95","1","FALSE",1
"207","45","0","0","0","1","0","0","0","0","0","0","0","1","0.0","3.1","4.0","0.7","1","0.00","0.01","0.01","0.50","1","FALSE",1
"208","0","0","0","0","0","0","0","0","0","0","0","0","0","0.0","0.0","0.0","0.0","0","0.00","0.00","0.00","0.00","0","FALSE",1
"209","0","0","0","0","0","0","0","0","0","0","0","0","0","0.0","0.0","0.0","0.0","0","0.00","0.00","0.00","0.00","0","FALSE",1
"210","90","0","0","0","2","0","0","0","0","0","0","0","6","13.8","27.0","6.0","4.7","1","0.12","0.03","0.15","1.59","1","FALSE",1
"211","90","0","1","0","2","0","0","0","0","0","0","0","11","12.2","13.4","6.0","3.2","1","0.00","0.02","0.02","1.59","4","FALSE",1
"212","0","0","0","0","0","0","0","0","0","0","0","0","0","0.0","0.0","0.0","0.0","0","0.00","0.00","0.00","0.00","0","FALSE",1
"213","0","0","0","0","0","0","0","0","0","0","0","0","0","0.0","0.0","0.0","0.0","0","0.00","0.00","0.00","0.00","0","FALSE",1
"214","0","0","0","0","0","0","0","0","0","0","0","0","0","0.0","0.0","0.0","0.0","0","0.00","0.00","0.00","0.00","0","FALSE",1
"215","0","0","0","0","0","0","0","0","0","0","0","0","0","0.0","0.0","0.0","0.0","0","0.00","0.00","0.00","0.00","0","FALSE",1
"216","73","0","0","0","1","0","0","0","0","0","0","0","18","14.2","1.8","18.0","3.4","1","0.09","0.02","0.11","0.64","2","FALSE",1
"217","62","0","0","0","2","0","0","0","0","0","0","0","2","2.4","3.2","5.0","1.1","1","0.14","0.01","0.15","1.13","2","FALSE",1
"218","14","0","0","0","1","0","0","0","0","0","0","0","2","0.0","0.0","0.0","0.0","0","0.00","0.00","0.00","0.07","1","FALSE",1
"219","0","0","0","0","0","0","0","0","0","0","0","0","0","0.0","0.0","0.0","0.0","0","0.00","0.00","0.00","0.00","0","FALSE",1
"220","75","0","0","0","2","0","0","0","0","0","0","0","5","0.0","1.8","6.0","0.8","1","0.00","0.01","0.01","1.36","2","FALSE",1
"221","0","0","0","0","0","0","0","0","0","0","0","0","0","0.0","0.0","0.0","0.0","0","0.00","0.00","0.00","0.00","0","FALSE",1
"222","90","0","0","0","3","0","0","0","0","0","0","0","6","2.4","2.8","3.0","0.8","1","0.02","0.01","0.03","1.43","2","FALSE",1
"223","0","0","0","0","0","0","0","0","0","0","0","0","0","0.0","0.0","0.0","0.0","0","0.00","0.00","0.00","0.00","0","FALSE",1
"224","84","0","0","0","2","0","0","0","0","0","0","0","9","9.8","16.3","32.0","5.8","1","0.14","0.26","0.40","1.36","2","FALSE",1
"225","5","0","0","0","1","0","0","0","0","0","0","0","-1","0.0","0.0","0.0","0.0","0","0.00","0.00","0.00","0.07","1","FALSE",1
"226","90","0","0","0","3","0","0","0","0","0","0","0","6","18.8","2.5","10.0","3.1","1","0.14","0.01","0.15","1.43","2","FALSE",1
"227","0","0","0","0","0","0","0","0","0","0","0","0","0","0.0","0.0","0.0","0.0","0","0.00","0.00","0.00","0.00","0","FALSE",1
"228","90","0","0","0","3","0","0","0","0","0","0","0","0","12.2","0.4","4.0","1.7","1","0.01","0.01","0.02","1.43","1","FALSE",1
"229","0","0","0","0","0","0","0","0","0","0","0","0","0","0.0","0.0","0.0","0.0","0","0.00","0.00","0.00","0.00","0","FALSE",1
"230","90","0","0","0","3","0","0","0","0","0","0","0","8","9.2","19.7","0.0","2.9","1","0.00","0.16","0.16","1.43","2","FALSE",1
"231","90","0","0","0","3","0","0","0","0","0","0","0","-5","4.8","1.2","2.0","0.8","1","0.00","0.00","0.00","1.43","1","FALSE",1
"232","27","0","0","0","1","0","0","0","0","0","0","0","3","5.0","0.2","2.0","0.7","0","0.00","0.00","0.00","0.30","1","FALSE",1
"233","90","1","0","0","1","0","0","0","0","0","0","3","38","48.2","4.3","33.0","8.6","1","0.55","0.01","0.56","2.46","10","FALSE",1
"234","0","0","0","0","0","0","0","0","0","0","0","0","0","0.0","0.0","0.0","0.0","0","0.00","0.00","0.00","0.00","0","FALSE",1
"235","90","0","0","0","3","0","0","0","0","0","2","0","2","23.8","0.0","0.0","2.4","1","0.00","0.02","0.02","1.43","1","FALSE",1
"236","90","0","0","0","3","0","0","0","1","0","0","0","-4","17.4","10.8","4.0","3.2","1","0.01","0.01","0.02","1.43","0","FALSE",1
"237","0","0","0","0","0","0","0","0","0","0","0","0","0","0.0","0.0","0.0","0.0","0","0.00","0.00","0.00","0.00","0","FALSE",1
"238","65","0","0","0","3","0","0","0","0","1","0","0","-10","9.8","15.2","0.0","2.5","1","0.00","0.17","0.17","1.23","-2","FALSE",1
"239","77","0","0","1","0","0","0","0","0","0","0","0","5","1.0","3.8","14.0","1.9","1","0.10","0.02","0.12","1.57","3","FALSE",1
"240","90","0","0","0","1","0","0","0","1","0","0","0","15","11.0","83.0","2.0","9.6","1","0.00","0.16","0.16","1.77","1","FALSE",1
"241","90","0","0","0","1","0","0","0","1","0","0","0","5","9.2","0.8","8.0","1.8","1","0.10","0.03","0.13","2.43","1","FALSE",1
"242","0","0","0","0","0","0","0","0","0","0","0","0","0","0.0","0.0","0.0","0.0","0","0.00","0.00","0.00","0.00","0","FALSE",1
"243","26","0","0","0","1","0","0","0","1","0","0","0","2","3.8","11.7","4.0","2.0","0","0.00","0.05","0.05","0.94","0","FALSE",1
"244","0","0","0","0","0","0","0","0","0","0","0","0","0","0.0","0.0","0.0","0.0","0","0.00","0.00","0.00","0.00","0","FALSE",1
"245","90","0","0","0","1","0","0","0","0","0","0","0","13","25.4","0.2","0.0","2.6","1","0.00","0.00","0.00","2.43","2","FALSE",1
"246","0","0","0","0","0","0","0","0","0","0","0","0","0","0.0","0.0","0.0","0.0","0","0.00","0.00","0.00","0.00","0","FALSE",1
"247","90","0","0","0","1","0","0","0","0","0","0","0","5","11.0","10.9","13.0","3.5","1","0.04","0.15","0.19","2.43","2","FALSE",1
"248","90","0","0","0","1","0","0","0","0","0","4","0","12","33.0","0.0","0.0","3.3","1","0.00","0.00","0.00","2.43","3","FALSE",1
"249","90","0","0","0","1","0","0","0","0","0","0","0","16","11.6","2.9","0.0","1.5","1","0.00","0.01","0.01","1.77","2","FALSE",1
"250","0","0","0","0","0","0","0","0","0","0","0","0","0","0.0","0.0","0.0","0.0","0","0.00","0.00","0.00","0.00","0","FALSE",1
"251","77","0","0","1","0","0","0","0","0","0","0","0","10","9.4","20.4","28.0","5.8","1","0.11","0.00","0.11","1.57","2","FALSE",1
"252","12","0","0","0","1","0","0","0","0","0","0","0","3","0.2","0.3","0.0","0.1","0","0.00","0.00","0.00","0.87","1","FALSE",1
"253","0","0","0","0","0","0","0","0","0","0","0","0","0","0.0","0.0","0.0","0.0","0","0.00","0.00","0.00","0.00","0","FALSE",1
"254","1","0","0","0","0","0","0","0","0","0","0","0","4","2.2","0.0","0.0","0.2","0","0.00","0.00","0.00","0.67","1","FALSE",1
"255","90","0","0","0","1","0","0","0","0","0","0","0","15","29.2","1.5","2.0","3.3","1","0.00","0.01","0.01","2.43","2","FALSE",1
"256","1","0","0","0","0","0","0","0","0","0","0","0","2","0.0","0.0","0.0","0.0","0","0.00","0.00","0.00","0.67","1","FALSE",1
"257","90","0","0","0","1","0","0","0","0","0","0","0","7","10.0","1.2","14.0","2.5","1","0.09","0.00","0.09","2.43","2","FALSE",1
"258","0","0","0","0","0","0","0","0","0","0","0","0","0","0.0","0.0","0.0","0.0","0","0.00","0.00","0.00","0.00","0","FALSE",1
"259","12","0","0","0","1","0","0","0","0","0","0","0","4","0.2","3.9","4.0","0.8","0","0.00","0.01","0.01","0.87","1","FALSE",1
"260","16","0","0","0","0","0","0","0","0","0","0","0","2","2.0","0.0","2.0","0.4","0","0.00","0.00","0.00","0.58","1","FALSE",1
"261","0","0","0","0","0","0","0","0","0","0","0","0","0","0.0","0.0","0.0","0.0","0","0.00","0.00","0.00","0.00","0","FALSE",1
"262","0","0","0","0","0","0","0","0","0","0","0","0","0","0.0","0.0","0.0","0.0","0","0.00","0.00","0.00","0.00","0","FALSE",1
"263","0","0","0","0","0","0","0","0","0","0","0","0","0","0.0","0.0","0.0","0.0","0","0.00","0.00","0.00","0.00","0","FALSE",1
"264","56","0","0","0","0","0","0","0","1","0","0","0","-2","0.0","1.8","2.0","0.0","1","0.00","0.00","0.00","0.46","0","FALSE",1
"265","64","0","0","0","1","0","0","0","0","0","0","0","12","4.2","2.5","2.0","0.9","1","0.00","0.01","0.01","1.45","2","FALSE",1
"266","0","0","0","0","0","0","0","0","0","0","0","0","0","0.0","0.0","0.0","0.0","0","0.00","0.00","0.00","0.00","0","FALSE",1
"267","90","0","0","0","2","0","0","0","0","0","0","0","-1","14.8","6.1","0.0","2.1","1","0.00","0.02","0.02","2.65","1","FALSE",1
"268","73","0","0","0","2","0","0","0","0","0","0","0","8","6.4","20.7","8.0","3.5","1","0.00","0.00","0.00","2.07","2","FALSE",1
"269","0","0","0","0","0","0","0","0","0","0","0","0","0","0.0","0.0","0.0","0.0","0","0.00","0.00","0.00","0.00","0","FALSE",1
"270","90","0","0","0","2","0","0","0","0","0","0","0","12","26.2","0.8","22.0","4.9","1","0.10","0.00","0.10","2.65","1","FALSE",1
"271","25","0","0","0","1","0","0","0","0","0","0","0","1","5.4","1.6","4.0","1.1","0","0.00","0.03","0.03","1.21","1","FALSE",1
"272","0","0","0","0","0","0","0","0","0","0","0","0","0","0.0","0.0","0.0","0.0","0","0.00","0.00","0.00","0.00","0","FALSE",1
"273","0","0","0","0","0","0","0","0","0","0","0","0","0","0.0","0.0","0.0","0.0","0","0.00","0.00","0.00","0.00","0","FALSE",1
"274","90","0","0","0","2","0","0","0","1","0","0","0","11","7.2","1.8","18.0","2.7","1","0.27","0.02","0.29","2.65","1","FALSE",1
"275","33","0","0","0","2","0","0","0","0","0","0","0","-5","11.0","0.0","0.0","1.1","0","0.00","0.00","0.00","2.19","0","FALSE",1
"276","0","0","0","0","0","0","0","0","0","0","0","0","0","0.0","0.0","0.0","0.0","0","0.00","0.00","0.00","0.00","0","FALSE",1
"277","64","0","0","0","1","0","0","0","0","0","0","0","8","10.8","1.3","0.0","1.2","1","0.00","0.00","0.00","1.45","2","FALSE",1
"278","90","0","0","0","2","0","0","0","0","0","0","0","14","16.2","15.9","2.0","3.4","1","0.00","0.08","0.08","2.65","2","FALSE",1
"279","0","0","0","0","0","0","0","0","0","0","0","0","0","0.0","0.0","0.0","0.0","0","0.00","0.00","0.00","0.00","0","FALSE",1
"280","0","0","0","0","0","0","0","0","0","0","0","0","0","0.0","0.0","0.0","0.0","0","0.00","0.00","0.00","0.00","0","FALSE",1
"281","25","0","0","0","1","0","0","0","0","0","0","0","3","3.2","0.9","2.0","0.6","0","0.02","0.01","0.03","1.21","1","FALSE",1
"282","73","0","0","0","2","0","0","0","0","0","0","0","1","7.8","0.4","4.0","1.2","1","0.07","0.00","0.07","2.07","1","FALSE",1
"283","90","0","0","0","2","0","0","0","0","0","3","0","9","28.2","0.0","0.0","2.8","1","0.00","0.00","0.00","2.65","2","FALSE",1
"284","90","0","0","0","2","0","0","0","1","0","0","0","7","27.2","0.3","2.0","3.0","1","0.00","0.00","0.00","2.65","0","FALSE",1
"285","11","0","0","0","0","0","0","0","0","0","0","0","3","0.2","0.3","0.0","0.1","0","0.00","0.00","0.00","0.25","1","FALSE",1
"286","0","0","0","0","0","0","0","0","0","0","0","0","0","0.0","0.0","0.0","0.0","0","0.00","0.00","0.00","0.00","0","FALSE",1
"287","0","0","0","0","0","0","0","0","0","0","0","0","0","0.0","0.0","0.0","0.0","0","0.00","0.00","0.00","0.00","0","FALSE",1
"288","0","0","0","0","0","0","0","0","0","0","0","0","0","0.0","0.0","0.0","0.0","0","0.00","0.00","0.00","0.00","0","FALSE",1
"289","0","0","0","0","0","0","0","0","0","0","0","0","0","0.0","0.0","0.0","0.0","0","0.00","0.00","0.00","0.00","0","FALSE",1
"290","85","0","0","0","1","0","0","0","0","0","0","0","2","4.4","2.8","4.0","1.1","1","0.06","0.01","0.07","1.04","2","FALSE",1
"291","90","0","0","0","1","0","0","0","1","0","0","0","7","15.4","0.3","0.0","1.6","1","0.00","0.00","0.00","1.23","1","FALSE",1
"292","0","0","0","0","0","0","0","0","0","0","0","0","0","0.0","0.0","0.0","0.0","0","0.00","0.00","0.00","0.00","0","FALSE",1
"293","90","0","0","0","1","0","0","0","0","0","5","0","15","41.6","0.0","0.0","4.2","1","0.00","0.00","0.00","1.23","3","FALSE",1
"294","0","0","0","0","0","0","0","0","0","0","0","0","0","0.0","0.0","0.0","0.0","0","0.00","0.00","0.00","0.00","0","FALSE",1
"295","90","0","0","0","1","0","0","0","0","0","0","0","15","24.0","9.1","5.0","3.8","1","0.06","0.01","0.07","1.23","2","FALSE",1
"296","90","0","0","0","1","0","0","0","0","0","0","0","9","22.2","8.9","0.0","3.1","1","0.00","0.03","0.03","1.23","2","FALSE",1
"297","0","0","0","0","0","0","0","0","0","0","0","0","0","0.0","0.0","0.0","0.0","0","0.00","0.00","0.00","0.00","0","FALSE",1
"298","11","0","0","0","0","0","0","0","0","0","0","0","4","6.2","14.1","0.0","2.0","0","0.00","0.03","0.03","0.25","1","FALSE",1
"299","4","0","0","0","0","0","0","0","0","0","0","0","3","4.2","0.1","4.0","0.8","0","0.02","0.00","0.02","0.19","1","FALSE",1
"300","90","0","0","0","1","0","0","0","0","0","0","0","14","24.0","1.1","23.0","4.8","1","0.07","0.01","0.08","1.23","2","FALSE",1
"301","0","0","0","0","0","0","0","0","0","0","0","0","0","0.0","0.0","0.0","0.0","0","0.00","0.00","0.00","0.00","0","FALSE",1
"302","0","0","0","0","0","0","0","0","0","0","0","0","0","0.0","0.0","0.0","0.0","0","0.00","0.00","0.00","0.00","0","FALSE",1
"303","0","0","0","0","0","0","0","0","0","0","0","0","0","0.0","0.0","0.0","0.0","0","0.00","0.00","0.00","0.00","0","FALSE",1
"304","0","0","0","0","0","0","0","0","0","0","0","0","0","0.0","0.0","0.0","0.0","0","0.00","0.00","0.00","0.00","0","FALSE",1
"305","0","0","0","0","0","0","0","0","0","0","0","0","0","0.0","0.0","0.0","0.0","0","0.00","0.00","0.00","0.00","0","FALSE",1
"306","78","1","0","0","1","0","0","0","0","0","0","2","33","40.4","0.1","54.0","9.5","1","0.80","0.00","0.80","0.98","8","FALSE",1
"307","90","0","0","0","1","0","0","0","0","0","0","0","6","15.8","0.3","0.0","1.6","1","0.00","0.00","0.00","1.23","2","FALSE",1
"308","0","0","0","0","0","0","0","0","0","0","0","0","0","0.0","0.0","0.0","0.0","0","0.00","0.00","0.00","0.00","0","FALSE",1
"309","90","0","0","0","1","0","0","0","0","0","0","0","17","18.6","15.9","0.0","3.5","1","0.00","0.03","0.03","1.23","2","FALSE",1
"310","90","0","0","1","0","0","0","0","0","0","2","1","28","18.4","0.0","0.0","1.8","1","0.00","0.00","0.00","0.45","7","FALSE",1
"311","76","0","0","1","0","0","0","0","0","0","0","2","31","9.0","43.7","3.0","5.6","1","0.06","1.00","1.06","0.41","8","FALSE",1
"312","0","0","0","0","0","0","0","0","0","0","0","0","0","0.0","0.0","0.0","0.0","0","0.00","0.00","0.00","0.00","0","FALSE",1
"313","13","0","0","0","0","0","0","0","0","0","0","0","3","7.4","1.9","40.0","4.9","0","0.24","0.02","0.26","0.04","1","FALSE",1
"314","6","0","0","0","0","0","0","0","0","0","0","0","5","2.2","0.3","0.0","0.3","0","0.00","0.00","0.00","0.56","1","FALSE",1
"315","0","0","0","0","0","0","0","0","0","0","0","0","0","0.0","0.0","0.0","0.0","0","0.00","0.00","0.00","0.00","0","FALSE",1
"316","0","0","0","0","0","0","0","0","0","0","0","0","0","0.0","0.0","0.0","0.0","0","0.00","0.00","0.00","0.00","0","FALSE",1
"317","78","1","0","1","0","0","0","0","0","0","0","0","24","36.8","4.9","41.0","8.3","1","0.95","0.04","0.99","0.41","8","FALSE",1
"318","0","0","0","0","0","0","0","0","0","0","0","0","0","0.0","0.0","0.0","0.0","0","0.00","0.00","0.00","0.00","0","FALSE",1
"319","0","0","0","0","0","0","0","0","0","0","0","0","0","0.0","0.0","0.0","0.0","0","0.00","0.00","0.00","0.00","0","FALSE",1
"320","0","0","0","0","0","0","0","0","0","0","0","0","0","0.0","0.0","0.0","0.0","0","0.00","0.00","0.00","0.00","0","FALSE",1
"321","11","0","0","0","0","0","0","0","1","0","0","0","-1","0.0","1.8","6.0","0.8","0","0.00","0.00","0.00","0.04","0","FALSE",1
"322","0","0","0","0","0","0","0","0","0","0","0","0","0","0.0","0.0","0.0","0.0","0","0.00","0.00","0.00","0.00","0","FALSE",1
"323","90","0","0","1","0","0","0","0","0","0","0","0","6","6.2","10.4","0.0","1.7","1","0.00","0.39","0.39","0.45","3","FALSE",1
"324","0","0","0","0","0","0","0","0","0","0","0","0","0","0.0","0.0","0.0","0.0","0","0.00","0.00","0.00","0.00","0","FALSE",1
"325","0","0","0","0","0","0","0","0","0","0","0","0","0","0.0","0.0","0.0","0.0","0","0.00","0.00","0.00","0.00","0","FALSE",1
"326","45","0","0","0","0","0","0","0","0","0","0","0","12","14.2","0.3","0.0","1.5","0","0.00","0.00","0.00","0.15","1","FALSE",1
"327","90","0","0","1","0","0","0","0","0","0","0","0","13","9.6","37.1","31.0","7.8","1","0.46","0.38","0.84","0.45","3","FALSE",1
"328","90","1","1","1","0","0","0","0","0","0","0","3","38","58.0","24.4","70.0","15.2","1","0.70","0.15","0.85","0.45","14","TRUE",1
"329","90","0","0","1","0","0","0","0","0","0","0","0","7","2.6","9.3","7.0","1.9","1","0.10","0.06","0.16","0.45","3","FALSE",1
"330","0","0","0","0","0","0","0","0","0","0","0","0","0","0.0","0.0","0.0","0.0","0","0.00","0.00","0.00","0.00","0","FALSE",1
"331","0","0","0","0","0","0","0","0","0","0","0","0","0","0.0","0.0","0.0","0.0","0","0.00","0.00","0.00","0.00","0","FALSE",1
"332","0","0","0","0","0","0","0","0","0","0","0","0","0","0.0","0.0","0.0","0.0","0","0.00","0.00","0.00","0.00","0","FALSE",1
"333","45","0","0","0","0","0","0","0","0","0","0","0","7","15.8","0.5","0.0","1.6","1","0.00","0.00","0.00","0.31","1","FALSE",1
"334","0","0","0","0","0","0","0","0","0","0","0","0","0","0.0","0.0","0.0","0.0","0","0.00","0.00","0.00","0.00","0","FALSE",1
"335","78","0","0","1","0","0","0","0","0","0","0","0","24","12.0","17.1","4.0","3.3","1","0.00","0.13","0.13","0.41","6","FALSE",1
"336","90","0","1","1","0","0","0","0","0","0","0","1","28","10.4","41.2","15.0","6.7","1","0.15","0.24","0.39","0.45","7","FALSE",1
"337","11","0","0","0","0","0","0","0","0","0","0","0","3","1.4","1.2","0.0","0.3","0","0.00","0.01","0.01","0.04","1","FALSE",1
"338","0","0","0","0","0","0","0","0","0","0","0","0","0","0.0","0.0","0.0","0.0","0","0.00","0.00","0.00","0.00","0","FALSE",1
"339","90","0","0","1","0","0","0","0","0","0","0","0","24","8.8","1.5","4.0","1.4","1","0.00","0.01","0.01","0.45","6","FALSE",1
"340","90","0","0","1","0","0","0","0","0","0","0","0","28","16.2","1.6","0.0","1.8","1","0.00","0.01","0.01","1.01","6","FALSE",1
"341","0","0","0","0","0","0","0","0","0","0","0","0","0","0.0","0.0","0.0","0.0","0","0.00","0.00","0.00","0.00","0","FALSE",1
"342","90","0","1","1","0","0","0","0","0","0","0","0","26","32.0","38.1","30.0","10.0","1","0.13","0.20","0.33","1.01","6","FALSE",1
"343","0","0","0","0","0","0","0","0","0","0","0","0","0","0.0","0.0","0.0","0.0","0","0.00","0.00","0.00","0.00","0","FALSE",1
"344","0","0","0","0","0","0","0","0","0","0","0","0","0","0.0","0.0","0.0","0.0","0","0.00","0.00","0.00","0.00","0","FALSE",1
"345","90","0","0","1","0","0","0","0","0","0","0","0","14","5.0","15.3","4.0","2.4","1","0.07","0.32","0.39","1.01","3","FALSE",1
"346","90","0","0","1","0","0","0","0","0","0","0","0","20","12.8","23.3","29.0","6.5","1","0.13","0.09","0.22","1.01","3","FALSE",1
"347","90","0","0","1","0","0","0","0","0","0","3","1","30","19.6","0.0","0.0","2.0","1","0.00","0.00","0.00","1.01","8","FALSE",1
"348","45","0","0","0","0","0","0","0","0","0","0","0","6","9.0","3.7","0.0","1.3","0","0.00","0.01","0.01","0.72","1","FALSE",1
"349","0","0","0","0","0","0","0","0","0","0","0","0","0","0.0","0.0","0.0","0.0","0","0.00","0.00","0.00","0.00","0","FALSE",1
"350","90","0","0","1","0","0","0","0","0","0","0","1","30","23.2","3.3","5.0","3.2","1","0.03","0.02","0.05","1.01","7","FALSE",1
"351","90","1","0","1","0","0","0","0","1","0","0","2","31","36.4","0.6","38.0","7.5","1","0.28","0.00","0.28","1.01","7","FALSE",1
"352","0","0","0","0","0","0","0","0","0","0","0","0","0","0.0","0.0","0.0","0.0","0","0.00","0.00","0.00","0.00","0","FALSE",1
"353","0","0","0","0","0","0","0","0","0","0","0","0","0","0.0","0.0","0.0","0.0","0","0.00","0.00","0.00","0.00","0","FALSE",1
"354","90","1","0","1","0","0","0","0","0","0","0","3","36","55.6","4.9","9.0","7.0","1","0.13","0.02","0.15","1.01","11","TRUE",1
"355","90","0","0","1","0","0","0","0","0","0","0","0","22","15.0","3.3","8.0","2.6","1","0.00","0.01","0.01","1.01","6","FALSE",1
"356","0","0","0","0","0","0","0","0","0","0","0","0","0","0.0","0.0","0.0","0.0","0","0.00","0.00","0.00","0.00","0","FALSE",1
"357","0","0","0","0","0","0","0","0","0","0","0","0","0","0.0","0.0","0.0","0.0","0","0.00","0.00","0.00","0.00","0","FALSE",1
"358","0","0","0","0","0","0","0","0","0","0","0","0","0","0.0","0.0","0.0","0.0","0","0.00","0.00","0.00","0.00","0","FALSE",1
"359","0","0","0","0","0","0","0","0","0","0","0","0","0","0.0","0.0","0.0","0.0","0","0.00","0.00","0.00","0.00","0","FALSE",1
"360","0","0","0","0","0","0","0","0","0","0","0","0","0","0.0","0.0","0.0","0.0","0","0.00","0.00","0.00","0.00","0","FALSE",1
"361","90","0","0","1","0","0","0","0","0","0","0","0","27","14.2","0.5","0.0","1.5","1","0.00","0.00","0.00","1.01","6","FALSE",1
"362","0","0","0","0","0","0","0","0","0","0","0","0","0","0.0","0.0","0.0","0.0","0","0.00","0.00","0.00","0.00","0","FALSE",1
"363","0","0","0","0","0","0","0","0","0","0","0","0","0","0.0","0.0","0.0","0.0","0","0.00","0.00","0.00","0.00","0","FALSE",1
"364","60","0","0","1","0","0","0","0","0","0","0","0","11","7.4","19.1","6.0","3.3","1","0.00","0.13","0.13","0.21","3","FALSE",1
"365","0","0","0","0","0","0","0","0","0","0","0","0","0","0.0","0.0","0.0","0.0","0","0.00","0.00","0.00","0.00","0","FALSE",1
"366","90","0","0","1","0","0","0","0","0","0","0","0","10","15.0","8.3","49.0","7.2","1","1.19","0.03","1.22","0.44","3","FALSE",1
"367","0","0","0","0","0","0","0","0","0","0","0","0","0","0.0","0.0","0.0","0.0","0","0.00","0.00","0.00","0.00","0","FALSE",1
"368","90","0","0","1","0","0","0","0","0","0","0","0","19","26.8","39.9","13.0","8.0","1","0.16","0.50","0.66","0.44","3","FALSE",1
"369","90","0","0","1","0","0","0","0","0","0","0","1","26","13.4","4.8","0.0","1.8","1","0.00","0.02","0.02","0.44","7","FALSE",1
"370","0","0","0","0","0","0","0","0","0","0","0","0","0","0.0","0.0","0.0","0.0","0","0.00","0.00","0.00","0.00","0","FALSE",1
"371","9","0","0","0","0","0","0","0","0","0","0","0","2","1.4","0.0","0.0","0.1","0","0.00","0.00","0.00","0.06","1","FALSE",1
"372","29","0","1","0","0","0","0","0","0","0","0","0","11","21.2","25.0","9.0","5.5","0","0.68","0.09","0.77","0.23","4","FALSE",1
"373","0","0","0","0","0","0","0","0","0","0","0","0","0","0.0","0.0","0.0","0.0","0","0.00","0.00","0.00","0.00","0","FALSE",1
"374","0","0","0","0","0","0","0","0","0","0","0","0","0","0.0","0.0","0.0","0.0","0","0.00","0.00","0.00","0.00","0","FALSE",1
"375","0","0","0","0","0","0","0","0","0","0","0","0","0","0.0","0.0","0.0","0.0","0","0.00","0.00","0.00","0.00","0","FALSE",1
"376","0","0","0","0","0","0","0","0","0","0","0","0","0","0.0","0.0","0.0","0.0","0","0.00","0.00","0.00","0.00","0","FALSE",1
"377","80","0","0","1","0","0","0","0","1","0","0","0","22","19.6","1.6","0.0","2.1","1","0.00","0.01","0.01","0.38","5","FALSE",1
"378","83","0","0","1","0","0","0","0","0","0","0","0","21","12.0","3.7","1.0","1.7","1","0.03","0.01","0.04","0.38","3","FALSE",1
"379","0","0","0","0","0","0","0","0","0","0","0","0","0","0.0","0.0","0.0","0.0","0","0.00","0.00","0.00","0.00","0","FALSE",1
"380","90","0","0","1","0","0","0","0","0","0","0","1","26","19.4","11.9","0.0","3.1","1","0.00","0.02","0.02","0.44","7","FALSE",1
"381","6","0","0","0","0","0","0","0","0","0","0","0","3","0.6","0.1","0.0","0.1","0","0.00","0.00","0.00","0.06","1","FALSE",1
"382","60","0","0","1","0","0","0","0","1","0","0","0","-1","10.2","22.8","25.0","5.8","1","0.30","0.03","0.33","0.21","2","FALSE",1
"383","90","0","0","1","0","0","0","0","0","0","2","0","25","16.8","0.0","0.0","1.7","1","0.00","0.00","0.00","0.44","6","FALSE",1
"384","0","0","0","0","0","0","0","0","0","0","0","0","0","0.0","0.0","0.0","0.0","0","0.00","0.00","0.00","0.00","0","FALSE",1
"385","90","0","0","1","0","0","0","0","0","0","0","0","5","4.6","14.8","8.0","2.7","1","0.00","0.11","0.11","0.44","3","FALSE",1
"386","0","0","0","0","0","0","0","0","0","0","0","0","0","0.0","0.0","0.0","0.0","0","0.00","0.00","0.00","0.00","0","FALSE",1
"387","0","0","0","0","0","0","0","0","0","0","0","0","0","0.0","0.0","0.0","0.0","0","0.00","0.00","0.00","0.00","0","FALSE",1
"388","0","0","0","0","0","0","0","0","0","0","0","0","0","0.0","0.0","0.0","0.0","0","0.00","0.00","0.00","0.00","0","FALSE",1
"389","29","1","0","0","0","0","0","0","0","0","0","3","33","33.2","1.8","17.0","5.2","0","0.07","0.00","0.07","0.23","8","FALSE",1
"390","0","0","0","0","0","0","0","0","0","0","0","0","0","0.0","0.0","0.0","0.0","0","0.00","0.00","0.00","0.00","0","FALSE",1
"391","0","0","0","0","0","0","0","0","0","0","0","0","0","0.0","0.0","0.0","0.0","0","0.00","0.00","0.00","0.00","0","FALSE",1
"392","20","0","0","0","0","0","0","0","0","0","0","0","1","0.0","0.0","0.0","0.0","0","0.00","0.00","0.00","0.44","1","FALSE",1
"393","0","0","0","0","0","0","0","0","0","0","0","0","0","0.0","0.0","0.0","0.0","0","0.00","0.00","0.00","0.00","0","FALSE",1
"394","90","0","0","1","0","0","0","0","0","0","0","0","14","21.2","1.8","0.0","2.3","1","0.00","0.04","0.04","1.77","3","FALSE",1
"395","90","0","0","1","0","0","0","0","1","0","0","0","18","17.4","0.0","0.0","1.7","1","0.00","0.00","0.00","1.77","5","FALSE",1
"396","0","0","0","0","0","0","0","0","0","0","0","0","0","0.0","0.0","0.0","0.0","0","0.00","0.00","0.00","0.00","0","FALSE",1
"397","0","0","0","0","0","0","0","0","0","0","0","0","0","0.0","0.0","0.0","0.0","0","0.00","0.00","0.00","0.00","0","FALSE",1
"398","69","0","0","1","0","0","0","0","0","0","0","0","12","2.4","12.8","2.0","1.7","1","0.00","0.02","0.02","1.33","3","FALSE",1
"399","69","0","0","1","0","0","0","0","1","0","0","0","17","14.2","14.7","2.0","3.1","1","0.00","0.02","0.02","1.33","5","FALSE",1
"400","0","0","0","0","0","0","0","0","0","0","0","0","0","0.0","0.0","0.0","0.0","0","0.00","0.00","0.00","0.00","0","FALSE",1
"401","90","0","1","1","0","0","0","0","0","0","0","0","22","25.6","10.8","6.0","4.2","1","0.00","0.08","0.08","1.77","5","FALSE",1
"402","29","0","0","0","0","0","0","0","0","0","0","0","9","5.0","0.9","0.0","0.6","1","0.00","0.01","0.01","0.20","1","FALSE",1
"403","90","1","0","1","0","0","0","0","0","0","0","3","34","53.8","1.2","24.0","7.9","1","0.22","0.01","0.23","1.77","11","TRUE",1
"404","20","0","0","0","0","0","0","0","0","0","0","0","4","9.2","0.0","0.0","0.9","0","0.00","0.00","0.00","0.44","1","FALSE",1
"405","60","0","0","1","0","0","0","0","0","0","0","0","21","16.0","0.0","6.0","2.2","0","0.00","0.00","0.00","1.58","6","FALSE",1
"406","0","0","0","0","0","0","0","0","0","0","0","0","0","0.0","0.0","0.0","0.0","0","0.00","0.00","0.00","0.00","0","FALSE",1
"407","0","0","0","0","0","0","0","0","0","0","0","0","0","0.0","0.0","0.0","0.0","0","0.00","0.00","0.00","0.00","0","FALSE",1
"408","0","0","0","0","0","0","0","0","0","0","0","0","0","0.0","0.0","0.0","0.0","0","0.00","0.00","0.00","0.00","0","FALSE",1
"409","90","0","0","1","0","0","0","0","0","0","0","1","25","20.0","0.6","0.0","2.1","1","0.00","0.00","0.00","1.77","7","FALSE",1
"410","90","0","0","1","0","0","0","0","0","0","0","0","11","9.4","1.3","4.0","1.5","1","0.00","0.01","0.01","1.77","3","FALSE",1
"411","0","0","0","0","0","0","0","0","0","0","0","0","0","0.0","0.0","0.0","0.0","0","0.00","0.00","0.00","0.00","0","FALSE",1
"412","0","0","0","0","0","0","0","0","0","0","0","0","0","0.0","0.0","0.0","0.0","0","0.00","0.00","0.00","0.00","0","FALSE",1
"413","90","0","0","1","0","0","0","0","0","0","3","2","27","25.2","0.0","0.0","2.5","1","0.00","0.00","0.00","1.77","9","TRUE",1
"414","0","0","0","0","0","0","0","0","0","0","0","0","0","0.0","0.0","0.0","0.0","0","0.00","0.00","0.00","0.00","0","FALSE",1
"415","27","0","0","0","0","0","0","0","0","1","0","0","-8","0.0","0.3","5.0","0.1","1","0.04","0.00","0.04","0.20","-2","FALSE",1
"416","0","0","0","0","0","0","0","0","0","0","0","0","0","0.0","0.0","0.0","0.0","0","0.00","0.00","0.00","0.00","0","FALSE",1
"417","0","0","0","0","0","0","0","0","0","0","0","0","0","0.0","0.0","0.0","0.0","0","0.00","0.00","0.00","0.00","0","FALSE",1
"418","0","0","0","0","0","0","0","0","0","0","0","0","0","0.0","0.0","0.0","0.0","0","0.00","0.00","0.00","0.00","0","FALSE",1
"419","0","0","0","0","0","0","0","0","0","0","0","0","0","0.0","0.0","0.0","0.0","0","0.00","0.00","0.00","0.00","0","FALSE",1
"420","0","0","0","0","0","0","0","0","0","0","0","0","0","0.0","0.0","0.0","0.0","0","0.00","0.00","0.00","0.00","0","FALSE",1
"421","0","0","0","0","0","0","0","0","0","0","0","0","0","0.0","0.0","0.0","0.0","0","0.00","0.00","0.00","0.00","0","FALSE",1
"422","53","0","0","0","0","0","0","0","0","0","0","0","4","5.2","2.1","1.0","0.8","1","0.02","0.02","0.04","0.55","1","FALSE",1
"423","18","0","0","0","1","0","0","0","0","0","0","0","4","5.4","1.5","8.0","1.5","0","0.00","0.01","0.01","0.59","1","FALSE",1
"424","18","0","0","0","1","0","0","0","0","0","0","0","6","3.4","1.0","19.0","2.3","0","0.12","0.03","0.15","0.59","1","FALSE",1
"425","90","0","0","0","1","0","0","0","0","0","0","0","10","32.0","0.1","17.0","4.9","1","0.07","0.00","0.07","1.22","2","FALSE",1
"426","0","0","0","0","0","0","0","0","0","0","0","0","0","0.0","0.0","0.0","0.0","0","0.00","0.00","0.00","0.00","0","FALSE",1
"427","0","0","0","0","0","0","0","0","0","0","0","0","0","0.0","0.0","0.0","0.0","0","0.00","0.00","0.00","0.00","0","FALSE",1
"428","0","0","0","0","0","0","0","0","0","0","0","0","0","0.0","0.0","0.0","0.0","0","0.00","0.00","0.00","0.00","0","FALSE",1
"429","14","0","0","0","0","0","0","0","0","0","0","0","1","0.0","0.1","0.0","0.0","1","0.00","0.00","0.00","0.28","1","FALSE",1
"430","0","0","0","0","0","0","0","0","0","0","0","0","0","0.0","0.0","0.0","0.0","0","0.00","0.00","0.00","0.00","0","FALSE",1
"431","36","0","0","0","1","0","0","0","0","0","0","0","3","6.2","5.7","4.0","1.6","0","0.00","0.09","0.09","0.67","1","FALSE",1
"432","53","0","0","0","0","0","0","0","0","0","0","0","13","10.4","25.1","9.0","4.5","1","0.02","0.16","0.18","0.55","1","FALSE",1
"433","90","0","0","0","1","0","0","0","0","0","0","0","8","9.8","41.3","14.0","6.5","1","0.10","0.07","0.17","1.22","2","FALSE",1
"434","71","0","0","1","0","0","0","0","0","0","0","0","13","12.2","41.7","28.0","8.2","1","0.07","0.20","0.27","0.63","3","FALSE",1
"435","0","0","0","0","0","0","0","0","0","0","0","0","0","0.0","0.0","0.0","0.0","0","0.00","0.00","0.00","0.00","0","FALSE",1
"436","90","0","0","0","1","0","0","0","0","0","0","0","14","19.8","1.0","0.0","2.1","1","0.00","0.00","0.00","1.22","2","FALSE",1
"437","90","0","0","0","1","0","0","0","1","0","0","0","9","21.8","30.9","6.0","5.9","1","0.03","0.13","0.16","1.22","1","FALSE",1
"438","0","0","0","0","0","0","0","0","0","0","0","0","0","0.0","0.0","0.0","0.0","0","0.00","0.00","0.00","0.00","0","FALSE",1
"439","0","0","0","0","0","0","0","0","0","0","0","0","0","0.0","0.0","0.0","0.0","0","0.00","0.00","0.00","0.00","0","FALSE",1
"440","0","0","0","0","0","0","0","0","0","0","0","0","0","0.0","0.0","0.0","0.0","0","0.00","0.00","0.00","0.00","0","FALSE",1
"441","0","0","0","0","0","0","0","0","0","0","0","0","0","0.0","0.0","0.0","0.0","0","0.00","0.00","0.00","0.00","0","FALSE",1
"442","90","0","0","0","1","0","0","0","0","0","0","0","13","14.8","2.5","4.0","2.1","1","0.00","0.01","0.01","1.22","2","FALSE",1
"443","90","0","0","0","1","0","0","0","0","0","3","0","13","23.8","0.0","0.0","2.4","1","0.00","0.00","0.00","1.22","3","FALSE",1
"444","36","0","0","0","1","0","0","0","0","0","0","0","0","9.6","3.0","6.0","1.9","0","0.02","0.01","0.03","0.67","1","FALSE",1
"445","0","0","0","0","0","0","0","0","0","0","0","0","0","0.0","0.0","0.0","0.0","0","0.00","0.00","0.00","0.00","0","FALSE",1
"446","0","0","0","0","0","0","0","0","0","0","0","0","0","0.0","0.0","0.0","0.0","0","0.00","0.00","0.00","0.00","0","FALSE",1
"447","71","1","0","1","0","0","0","0","0","0","0","3","30","32.2","5.7","21.0","5.9","1","0.71","0.02","0.73","0.63","9","FALSE",1
"448","0","0","0","0","0","0","0","0","0","0","0","0","0","0.0","0.0","0.0","0.0","0","0.00","0.00","0.00","0.00","0","FALSE",1
"449","75","0","1","0","1","0","0","0","0","0","0","2","29","12.4","16.9","36.0","6.5","0","0.24","0.03","0.27","0.94","7","FALSE",1
"450","9","0","0","0","0","0","0","0","0","0","0","0","4","8.4","15.9","19.0","4.3","0","0.07","0.03","0.10","0.00","1","FALSE",1
"451","9","0","0","0","0","0","0","0","0","0","0","0","4","4.0","15.0","6.0","2.5","0","0.02","0.13","0.15","0.00","1","FALSE",1
"452","69","0","0","0","1","0","0","0","0","0","0","0","18","14.8","27.9","9.0","5.2","1","0.05","0.44","0.49","0.25","2","FALSE",1
"453","90","0","0","0","1","0","0","0","0","0","0","0","5","7.8","12.9","37.0","5.8","1","0.71","0.08","0.79","0.25","2","FALSE",1
"454","0","0","0","0","0","0","0","0","0","0","0","0","0","0.0","0.0","0.0","0.0","0","0.00","0.00","0.00","0.00","0","FALSE",1
"455","80","0","0","0","1","0","0","0","0","0","0","0","13","18.4","12.7","2.0","3.3","1","0.00","0.03","0.03","0.25","2","FALSE",1
"456","0","0","0","0","0","0","0","0","0","0","0","0","0","0.0","0.0","0.0","0.0","0","0.00","0.00","0.00","0.00","0","FALSE",1
"457","0","0","0","0","0","0","0","0","0","0","0","0","0","0.0","0.0","0.0","0.0","0","0.00","0.00","0.00","0.00","0","FALSE",1
"458","0","0","0","0","0","0","0","0","0","0","0","0","0","0.0","0.0","0.0","0.0","0","0.00","0.00","0.00","0.00","0","FALSE",1
"459","45","0","0","0","0","0","0","0","1","0","0","0","0","6.8","18.5","16.0","4.1","0","0.00","0.15","0.15","0.00","0","FALSE",1
"460","0","0","0","0","0","0","0","0","0","0","0","0","0","0.0","0.0","0.0","0.0","0","0.00","0.00","0.00","0.00","0","FALSE",1
"461","90","0","0","0","1","0","0","0","1","0","0","0","6","17.6","14.0","6.0","3.8","1","0.00","0.02","0.02","0.25","1","FALSE",1
"462","0","0","0","0","0","0","0","0","0","0","0","0","0","0.0","0.0","0.0","0.0","0","0.00","0.00","0.00","0.00","0","FALSE",1
"463","0","0","0","0","0","0","0","0","0","0","0","0","0","0.0","0.0","0.0","0.0","0","0.00","0.00","0.00","0.00","0","FALSE",1
"464","0","0","0","0","0","0","0","0","0","0","0","0","0","0.0","0.0","0.0","0.0","0","0.00","0.00","0.00","0.00","0","FALSE",1
"465","0","0","0","0","0","0","0","0","0","0","0","0","0","0.0","0.0","0.0","0.0","0","0.00","0.00","0.00","0.00","0","FALSE",1
"466","0","0","0","0","0","0","0","0","0","0","0","0","0","0.0","0.0","0.0","0.0","0","0.00","0.00","0.00","0.00","0","FALSE",1
"467","0","0","0","0","0","0","0","0","0","0","0","0","0","0.0","0.0","0.0","0.0","0","0.00","0.00","0.00","0.00","0","FALSE",1
"468","0","0","0","0","0","0","0","0","0","0","0","0","0","0.0","0.0","0.0","0.0","0","0.00","0.00","0.00","0.00","0","FALSE",1
"469","90","0","0","0","1","0","0","0","0","0","0","0","2","0.0","0.0","0.0","0.0","1","0.00","0.00","0.00","0.25","2","FALSE",1
"470","0","0","0","0","0","0","0","0","0","0","0","0","0","0.0","0.0","0.0","0.0","0","0.00","0.00","0.00","0.00","0","FALSE",1
"471","90","0","0","0","1","0","0","0","0","0","0","0","13","4.8","7.7","28.0","4.1","1","0.31","0.25","0.56","0.25","2","FALSE",1
"472","90","0","0","0","1","0","0","0","1","0","0","0","6","12.2","16.6","4.0","3.3","1","0.00","0.04","0.04","0.25","1","FALSE",1
"473","0","0","0","0","0","0","0","0","0","0","0","0","0","0.0","0.0","0.0","0.0","0","0.00","0.00","0.00","0.00","0","FALSE",1
"474","45","0","0","0","1","0","0","0","0","0","0","0","6","6.0","15.1","2.0","2.3","1","0.00","0.22","0.22","0.25","1","FALSE",1
"475","0","0","0","0","0","0","0","0","0","0","0","0","0","0.0","0.0","0.0","0.0","0","0.00","0.00","0.00","0.00","0","FALSE",1
"476","80","0","0","0","1","0","0","0","0","0","0","0","8","2.0","10.9","8.0","2.1","1","0.06","0.08","0.14","0.25","2","FALSE",1
"477","0","0","0","0","0","0","0","0","0","0","0","0","0","0.0","0.0","0.0","0.0","0","0.00","0.00","0.00","0.00","0","FALSE",1
"478","0","0","0","0","0","0","0","0","0","0","0","0","0","0.0","0.0","0.0","0.0","0","0.00","0.00","0.00","0.00","0","FALSE",1
"479","0","0","0","0","0","0","0","0","0","0","0","0","0","0.0","0.0","0.0","0.0","0","0.00","0.00","0.00","0.00","0","FALSE",1
"480","77","0","0","0","1","0","0","0","1","0","0","0","15","9.8","4.8","29.0","4.4","1","0.27","0.04","0.31","0.90","1","FALSE",1
"481","12","0","0","0","0","0","0","0","0","0","0","0","9","11.8","19.4","5.0","3.6","0","0.06","0.14","0.20","0.12","1","FALSE",1
"482","0","0","0","0","0","0","0","0","0","0","0","0","0","0.0","0.0","0.0","0.0","0","0.00","0.00","0.00","0.00","0","FALSE",1
"483","0","0","0","0","0","0","0","0","0","0","0","0","0","0.0","0.0","0.0","0.0","0","0.00","0.00","0.00","0.00","0","FALSE",1
"484","0","0","0","0","0","0","0","0","0","0","0","0","0","0.0","0.0","0.0","0.0","0","0.00","0.00","0.00","0.00","0","FALSE",1
"485","0","0","0","0","0","0","0","0","0","0","0","0","0","0.0","0.0","0.0","0.0","0","0.00","0.00","0.00","0.00","0","FALSE",1
"486","0","0","0","0","0","0","0","0","0","0","0","0","0","0.0","0.0","0.0","0.0","0","0.00","0.00","0.00","0.00","0","FALSE",1
"487","0","0","0","0","0","0","0","0","0","0","0","0","0","0.0","0.0","0.0","0.0","0","0.00","0.00","0.00","0.00","0","FALSE",1
"488","0","0","0","0","0","0","0","0","0","0","0","0","0","0.0","0.0","0.0","0.0","0","0.00","0.00","0.00","0.00","0","FALSE",1
"489","12","0","0","0","0","0","0","0","0","0","0","0","1","6.6","1.5","0.0","0.8","0","0.00","0.01","0.01","0.12","1","FALSE",1
"490","0","0","0","0","0","0","0","0","0","0","0","0","0","0.0","0.0","0.0","0.0","0","0.00","0.00","0.00","0.00","0","FALSE",1
"491","77","0","0","0","1","0","0","0","0","0","0","0","8","13.6","14.4","31.0","5.9","1","0.12","0.08","0.20","0.90","2","FALSE",1
"492","11","0","0","0","0","0","0","0","0","0","0","0","0","2.4","1.3","22.0","2.6","0","0.00","0.17","0.17","0.12","1","FALSE",1
"493","0","0","0","0","0","0","0","0","0","0","0","0","0","0.0","0.0","0.0","0.0","0","0.00","0.00","0.00","0.00","0","FALSE",1
"494","78","0","1","0","1","0","0","0","0","0","0","0","25","31.6","52.8","15.0","9.9","1","0.02","0.98","1.00","0.90","5","FALSE",1
"495","90","1","0","0","1","0","0","0","0","0","0","1","28","50.0","59.3","21.0","13.0","1","0.09","0.32","0.41","0.96","9","TRUE",1
"496","0","0","0","0","0","0","0","0","0","0","0","0","0","0.0","0.0","0.0","0.0","0","0.00","0.00","0.00","0.00","0","FALSE",1
"497","1","0","0","0","0","0","0","0","0","0","0","0","-1","0.0","1.0","7.0","0.7","0","0.19","0.00","0.19","0.06","1","FALSE",1
"498","90","0","0","0","1","0","0","0","0","0","0","0","13","13.6","2.9","4.0","2.1","1","0.09","0.03","0.12","1.02","2","FALSE",1
"499","77","0","0","0","1","0","0","0","0","0","0","0","12","7.0","15.6","6.0","2.9","1","0.01","0.04","0.05","0.90","2","FALSE",1
"500","0","0","0","0","0","0","0","0","0","0","0","0","0","0.0","0.0","0.0","0.0","0","0.00","0.00","0.00","0.00","0","FALSE",1
"501","0","0","0","0","0","0","0","0","0","0","0","0","0","0.0","0.0","0.0","0.0","0","0.00","0.00","0.00","0.00","0","FALSE",1
"502","0","0","0","0","0","0","0","0","0","0","0","0","0","0.0","0.0","0.0","0.0","0","0.00","0.00","0.00","0.00","0","FALSE",1
"503","90","0","0","0","1","0","0","0","0","0","0","0","18","12.6","32.2","22.0","6.7","1","0.03","0.30","0.33","0.96","2","FALSE",1
"504","1","0","0","0","0","0","0","0","0","0","0","0","3","1.8","1.1","0.0","0.3","0","0.00","0.00","0.00","0.06","1","FALSE",1
"505","90","0","0","0","1","0","0","0","0","0","0","0","2","15.6","7.8","10.0","3.3","1","0.00","0.06","0.06","1.02","2","FALSE",1
"506","90","0","0","0","1","0","0","0","0","0","0","0","12","15.0","3.3","0.0","1.8","1","0.00","0.02","0.02","1.02","2","FALSE",1
"507","0","0","0","0","0","0","0","0","0","0","0","0","0","0.0","0.0","0.0","0.0","0","0.00","0.00","0.00","0.00","0","FALSE",1
"508","90","0","0","0","1","0","0","0","0","0","2","0","16","26.0","0.0","0.0","2.6","1","0.00","0.00","0.00","1.02","2","FALSE",1
"509","12","0","0","0","0","0","0","0","0","0","0","0","3","2.2","5.8","4.0","1.2","0","0.00","0.02","0.02","0.12","1","FALSE",1
"510","0","0","0","0","0","0","0","0","0","0","0","0","0","0.0","0.0","0.0","0.0","0","0.00","0.00","0.00","0.00","0","FALSE",1
"511","0","0","0","0","0","0","0","0","0","0","0","0","0","0.0","0.0","0.0","0.0","0","0.00","0.00","0.00","0.00","0","FALSE",1
"512","72","0","0","0","1","0","0","0","0","0","0","0","4","0.0","0.4","11.0","0.8","1","0.15","0.00","0.15","1.76","2","FALSE",1
"513","90","0","0","0","2","0","0","0","0","0","1","0","5","10.0","0.0","0.0","1.0","1","0.00","0.00","0.00","2.03","1","FALSE",1
"514","72","0","0","0","1","0","0","0","0","0","0","0","3","4.6","16.8","2.0","2.3","1","0.00","0.07","0.07","1.76","2","FALSE",1
"515","0","0","0","0","0","0","0","0","0","0","0","0","0","0.0","0.0","0.0","0.0","0","0.00","0.00","0.00","0.00","0","FALSE",1
"516","84","0","0","0","2","0","0","0","0","0","0","0","-1","18.0","15.2","0.0","3.3","1","0.00","0.10","0.10","1.96","1","FALSE",1
"517","0","0","0","0","0","0","0","0","0","0","0","0","0","0.0","0.0","0.0","0.0","0","0.00","0.00","0.00","0.00","0","FALSE",1
"518","90","0","0","0","1","0","0","0","0","0","0","0","12","19.4","43.3","7.0","7.0","1","0.11","0.10","0.21","0.25","2","FALSE",1
"519","0","0","0","0","0","0","0","0","0","0","0","0","0","0.0","0.0","0.0","0.0","0","0.00","0.00","0.00","0.00","0","FALSE",1
"520","90","0","0","0","2","0","0","0","0","0","0","0","5","6.6","2.5","17.0","2.6","1","0.04","0.02","0.06","2.03","1","FALSE",1
"521","0","0","0","0","0","0","0","0","0","0","0","0","0","0.0","0.0","0.0","0.0","0","0.00","0.00","0.00","0.00","0","FALSE",1
"522","0","0","0","0","0","0","0","0","0","0","0","0","0","0.0","0.0","0.0","0.0","0","0.00","0.00","0.00","0.00","0","FALSE",1
"523","5","0","0","0","0","0","0","0","0","0","0","0","2","3.2","0.3","17.0","2.1","0","0.25","0.00","0.25","0.07","1","FALSE",1
"524","90","0","0","0","2","0","0","0","0","0","0","0","9","31.2","11.3","2.0","4.5","1","0.00","0.07","0.07","2.03","1","FALSE",1
"525","90","0","0","0","2","0","0","0","0","0","0","0","11","7.6","27.5","22.0","5.7","1","0.08","0.47","0.55","2.03","2","FALSE",1
"526","0","0","0","0","0","0","0","0","0","0","0","0","0","0.0","0.0","0.0","0.0","0","0.00","0.00","0.00","0.00","0","FALSE",1
"527","73","1","0","0","1","0","0","0","1","0","0","0","21","40.4","17.0","17.0","7.4","1","0.79","0.04","0.83","1.76","6","FALSE",1
"528","90","0","0","0","2","0","0","0","0","0","0","0","13","27.8","0.9","2.0","3.1","1","0.02","0.00","0.02","2.03","1","FALSE",1
"529","0","0","0","0","0","0","0","0","0","0","0","0","0","0.0","0.0","0.0","0.0","0","0.00","0.00","0.00","0.00","0","FALSE",1
"530","90","0","1","0","2","0","0","0","0","0","0","0","8","3.4","20.8","35.0","5.9","1","1.10","0.12","1.22","2.03","5","FALSE",1
"531","16","0","0","0","1","0","0","0","0","0","0","0","3","3.4","1.4","0.0","0.5","0","0.00","0.00","0.00","0.27","1","FALSE",1
"532","0","0","0","0","0","0","0","0","0","0","0","0","0","0.0","0.0","0.0","0.0","0","0.00","0.00","0.00","0.00","0","FALSE",1
"533","83","0","0","0","2","0","0","0","0","0","0","0","6","9.0","3.5","1.0","1.4","1","0.02","0.02","0.04","1.24","1","FALSE",1
"534","0","0","0","0","0","0","0","0","0","0","0","0","0","0.0","0.0","0.0","0.0","0","0.00","0.00","0.00","0.00","0","FALSE",1
"535","56","0","0","0","1","0","0","0","0","0","0","0","2","0.0","1.3","1.0","0.0","1","0.07","0.00","0.07","0.99","1","FALSE",1
"536","0","0","0","0","0","0","0","0","0","0","0","0","0","0.0","0.0","0.0","0.0","0","0.00","0.00","0.00","0.00","0","FALSE",1
"537","6","0","0","0","0","0","0","0","0","0","0","0","4","3.0","14.3","2.0","1.9","0","0.00","0.05","0.05","0.00","1","FALSE",1
"538","0","0","0","0","0","0","0","0","0","0","0","0","0","0.0","0.0","0.0","0.0","0","0.00","0.00","0.00","0.00","0","FALSE",1
"539","0","0","0","0","0","0","0","0","0","0","0","0","0","0.0","0.0","0.0","0.0","0","0.00","0.00","0.00","0.00","0","FALSE",1
"540","0","0","0","0","0","0","0","0","0","0","0","0","0","0.0","0.0","0.0","0.0","0","0.00","0.00","0.00","0.00","0","FALSE",1
"541","33","0","0","0","1","0","0","0","0","0","0","0","9","13.8","16.2","17.0","4.7","0","0.06","0.02","0.08","0.25","1","FALSE",1
"542","6","0","0","0","0","0","0","0","0","0","0","0","2","2.4","0.0","0.0","0.2","0","0.00","0.00","0.00","0.00","1","FALSE",1
"543","90","0","0","0","2","0","0","0","0","0","0","0","7","12.2","2.7","9.0","2.4","1","0.08","0.01","0.09","1.24","1","FALSE",1
"544","0","0","0","0","0","0","0","0","0","0","0","0","0","0.0","0.0","0.0","0.0","0","0.00","0.00","0.00","0.00","0","FALSE",1
"545","0","0","0","0","0","0","0","0","0","0","0","0","0","0.0","0.0","0.0","0.0","0","0.00","0.00","0.00","0.00","0","FALSE",1
"546","0","0","0","0","0","0","0","0","0","0","0","0","0","0.0","0.0","0.0","0.0","0","0.00","0.00","0.00","0.00","0","FALSE",1
"547","0","0","0","0","0","0","0","0","0","0","0","0","0","0.0","0.0","0.0","0.0","0","0.00","0.00","0.00","0.00","0","FALSE",1
"548","0","0","0","0","0","0","0","0","0","0","0","0","0","0.0","0.0","0.0","0.0","0","0.00","0.00","0.00","0.00","0","FALSE",1
"549","0","0","0","0","0","0","0","0","0","0","0","0","0","0.0","0.0","0.0","0.0","0","0.00","0.00","0.00","0.00","0","FALSE",1
"550","90","0","0","0","2","0","0","0","0","0","0","0","14","6.0","16.3","4.0","2.6","1","0.00","0.11","0.11","1.24","2","FALSE",1
"551","0","0","0","0","0","0","0","0","0","0","0","0","0","0.0","0.0","0.0","0.0","0","0.00","0.00","0.00","0.00","0","FALSE",1
"552","0","0","0","0","0","0","0","0","0","0","0","0","0","0.0","0.0","0.0","0.0","0","0.00","0.00","0.00","0.00","0","FALSE",1
"553","83","0","0","0","2","0","0","0","1","0","0","0","11","8.6","3.2","0.0","1.2","1","0.00","0.02","0.02","1.24","1","FALSE",1
"554","90","0","0","0","2","0","0","0","0","0","4","0","10","31.2","0.0","0.0","3.1","1","0.00","0.00","0.00","1.24","2","FALSE",1
"555","0","0","0","0","0","0","0","0","0","0","0","0","0","0.0","0.0","0.0","0.0","0","0.00","0.00","0.00","0.00","0","FALSE",1
"556","0","0","0","0","0","0","0","0","0","0","0","0","0","0.0","0.0","0.0","0.0","0","0.00","0.00","0.00","0.00","0","FALSE",1
"557","90","0","0","0","2","0","0","0","0","0","0","0","16","29.8","1.0","0.0","3.1","1","0.00","0.01","0.01","1.24","2","FALSE",1
"558","90","0","0","0","2","0","0","0","0","0","0","0","8","21.8","14.9","0.0","3.7","1","0.00","0.02","0.02","1.24","1","FALSE",1
"559","0","0","0","0","0","0","0","0","0","0","0","0","0","0.0","0.0","0.0","0.0","0","0.00","0.00","0.00","0.00","0","FALSE",1
"560","32","0","0","0","1","0","0","0","0","0","0","0","6","7.4","26.7","9.0","4.3","0","0.04","0.16","0.20","0.11","1","FALSE",1
"561","0","0","0","0","0","0","0","0","0","0","0","0","0","0.0","0.0","0.0","0.0","0","0.00","0.00","0.00","0.00","0","FALSE",1
"562","15","0","0","0","0","0","0","0","0","0","0","0","2","0.0","0.2","1.0","0.0","0","0.04","0.00","0.04","0.06","1","FALSE",1
"563","74","0","0","0","2","0","0","0","0","0","0","0","6","0.0","6.3","10.0","1.5","1","0.05","0.01","0.06","1.18","2","FALSE",1
"564","0","0","0","0","0","0","0","0","0","0","0","0","0","0.0","0.0","0.0","0.0","0","0.00","0.00","0.00","0.00","0","FALSE",1
"565","6","0","0","0","0","0","0","0","0","0","0","0","6","7.4","1.3","17.0","2.6","0","0.08","0.01","0.09","0.00","1","FALSE",1
"566","83","0","0","0","2","0","0","0","0","0","0","0","2","2.4","1.9","23.0","2.7","1","0.08","0.00","0.08","1.24","2","FALSE",1
"567","90","0","0","0","2","0","0","0","1","0","0","0","-6","8.4","1.3","6.0","1.6","1","0.00","0.01","0.01","1.24","0","FALSE",1
"568","0","0","0","0","0","0","0","0","0","0","0","0","0","0.0","0.0","0.0","0.0","0","0.00","0.00","0.00","0.00","0","FALSE",1
"569","16","0","0","0","0","0","0","0","1","0","0","0","1","0.0","1.5","4.0","0.5","0","0.07","0.01","0.08","1.06","0","FALSE",1
"570","90","0","1","0","1","0","0","0","0","0","0","3","37","45.0","32.5","2.0","8.0","1","0.00","0.60","0.60","1.23","8","FALSE",1
"571","45","0","0","0","0","0","0","0","0","0","0","0","8","11.6","36.4","4.0","5.2","1","0.00","0.16","0.16","0.30","1","FALSE",1
"572","0","0","0","0","0","0","0","0","0","0","0","0","0","0.0","0.0","0.0","0.0","0","0.00","0.00","0.00","0.00","0","FALSE",1
"573","0","0","0","0","0","0","0","0","0","0","0","0","0","0.0","0.0","0.0","0.0","0","0.00","0.00","0.00","0.00","0","FALSE",1
"574","0","0","0","0","0","0","0","0","0","0","0","0","0","0.0","0.0","0.0","0.0","0","0.00","0.00","0.00","0.00","0","FALSE",1
"575","0","0","0","0","0","0","0","0","0","0","0","0","0","0.0","0.0","0.0","0.0","0","0.00","0.00","0.00","0.00","0","FALSE",1
"576","0","0","0","0","0","0","0","0","0","0","0","0","0","0.0","0.0","0.0","0.0","0","0.00","0.00","0.00","0.00","0","FALSE",1
"577","0","0","0","0","0","0","0","0","0","0","0","0","0","0.0","0.0","0.0","0.0","0","0.00","0.00","0.00","0.00","0","FALSE",1
"578","0","0","0","0","0","0","0","0","0","0","0","0","0","0.0","0.0","0.0","0.0","0","0.00","0.00","0.00","0.00","0","FALSE",1
"579","0","0","0","0","0","0","0","0","0","0","0","0","0","0.0","0.0","0.0","0.0","0","0.00","0.00","0.00","0.00","0","FALSE",1
"580","90","0","0","0","1","0","0","0","0","0","0","0","9","24.8","0.4","0.0","2.5","1","0.00","0.01","0.01","1.30","2","FALSE",1
"581","0","0","0","0","0","0","0","0","0","0","0","0","0","0.0","0.0","0.0","0.0","0","0.00","0.00","0.00","0.00","0","FALSE",1
"582","0","0","0","0","0","0","0","0","0","0","0","0","0","0.0","0.0","0.0","0.0","0","0.00","0.00","0.00","0.00","0","FALSE",1
"583","0","0","0","0","0","0","0","0","0","0","0","0","0","0.0","0.0","0.0","0.0","0","0.00","0.00","0.00","0.00","0","FALSE",1
"584","70","0","0","0","1","0","0","0","1","0","0","0","-2","2.6","14.0","16.0","3.3","1","0.30","0.02","0.32","0.25","1","FALSE",1
"585","6","0","0","0","0","0","0","0","0","0","0","0","3","0.2","0.3","0.0","0.1","0","0.00","0.00","0.00","0.00","1","FALSE",1
"586","0","0","0","0","0","0","0","0","0","0","0","0","0","0.0","0.0","0.0","0.0","0","0.00","0.00","0.00","0.00","0","FALSE",1
"587","17","0","0","0","1","0","0","0","0","0","0","0","9","8.2","29.4","6.0","4.4","0","0.00","0.17","0.17","0.27","1","FALSE",1
"588","84","0","0","0","2","0","0","0","0","0","0","0","15","5.6","1.9","1.0","0.9","1","0.02","0.03","0.05","1.96","2","FALSE",1
"589","17","0","0","0","1","0","0","0","0","0","0","0","2","1.2","0.4","0.0","0.2","0","0.00","0.00","0.00","0.27","1","FALSE",1
"590","0","0","0","0","0","0","0","0","0","0","0","0","0","0.0","0.0","0.0","0.0","0","0.00","0.00","0.00","0.00","0","FALSE",1
"591","5","0","0","0","0","0","0","0","0","0","0","0","2","3.0","0.0","0.0","0.3","0","0.00","0.00","0.00","0.07","1","FALSE",1
"592","27","0","0","0","0","0","0","0","0","0","0","0","4","4.2","1.3","0.0","0.6","0","0.00","0.01","0.01","0.28","1","FALSE",1
"593","9","0","0","0","0","0","0","0","0","0","0","0","3","0.2","0.0","0.0","0.0","0","0.00","0.00","0.00","0.06","1","FALSE",1
"594","80","0","0","1","0","0","0","0","0","0","0","2","32","14.0","2.4","0.0","1.6","1","0.00","0.01","0.01","0.38","8","TRUE",1
"595","0","0","0","0","0","0","0","0","0","0","0","0","0","0.0","0.0","0.0","0.0","0","0.00","0.00","0.00","0.00","0","FALSE",1
"596","0","0","0","0","0","0","0","0","0","0","0","0","0","0.0","0.0","0.0","0.0","0","0.00","0.00","0.00","0.00","0","FALSE",1
"597","0","0","0","0","0","0","0","0","0","0","0","0","0","0.0","0.0","0.0","0.0","0","0.00","0.00","0.00","0.00","0","FALSE",1
"598","0","0","0","0","0","0","0","0","0","0","0","0","0","0.0","0.0","0.0","0.0","0","0.00","0.00","0.00","0.00","0","FALSE",1
"599","0","0","0","0","0","0","0","0","0","0","0","0","0","0.0","0.0","0.0","0.0","0","0.00","0.00","0.00","0.00","0","FALSE",1
"600","1","0","0","0","0","0","0","0","0","0","0","0","0","0.0","0.1","0.0","0.0","0","0.00","0.00","0.00","0.00","1","FALSE",1
"601","0","0","0","0","0","0","0","0","0","0","0","0","0","0.0","0.0","0.0","0.0","0","0.00","0.00","0.00","0.00","0","FALSE",1
"602","0","0","0","0","0","0","0","0","0","0","0","0","0","0.0","0.0","0.0","0.0","0","0.00","0.00","0.00","0.00","0","FALSE",1
"603","0","0","0","0","0","0","0","0","0","0","0","0","0","0.0","0.0","0.0","0.0","0","0.00","0.00","0.00","0.00","0","FALSE",1
"604","0","0","0","0","0","0","0","0","0","0","0","0","0","0.0","0.0","0.0","0.0","0","0.00","0.00","0.00","0.00","0","FALSE",1
"605","0","0","0","0","0","0","0","0","0","0","0","0","0","0.0","0.0","0.0","0.0","0","0.00","0.00","0.00","0.00","0","FALSE",1
"606","0","0","0","0","0","0","0","0","0","0","0","0","0","0.0","0.0","0.0","0.0","0","0.00","0.00","0.00","0.00","0","FALSE",1
"607","0","0","0","0","0","0","0","0","0","0","0","0","0","0.0","0.0","0.0","0.0","0","0.00","0.00","0.00","0.00","0","FALSE",1
"608","20","0","0","0","0","0","0","0","0","0","0","0","6","2.8","12.3","0.0","1.5","0","0.00","0.02","0.02","0.00","1","FALSE",1
"609","0","0","0","0","0","0","0","0","0","0","0","0","0","0.0","0.0","0.0","0.0","0","0.00","0.00","0.00","0.00","0","FALSE",1
"610","0","0","0","0","0","0","0","0","0","0","0","0","0","0.0","0.0","0.0","0.0","0","0.00","0.00","0.00","0.00","0","FALSE",1
"611","16","0","0","0","0","0","0","0","0","0","0","0","2","3.4","10.3","0.0","1.4","0","0.00","0.02","0.02","0.58","1","FALSE",1
"612","0","0","0","0","0","0","0","0","0","0","0","0","0","0.0","0.0","0.0","0.0","0","0.00","0.00","0.00","0.00","0","FALSE",1
"613","0","0","0","0","0","0","0","0","0","0","0","0","0","0.0","0.0","0.0","0.0","0","0.00","0.00","0.00","0.00","0","FALSE",1
"614","0","0","0","0","0","0","0","0","0","0","0","0","0","0.0","0.0","0.0","0.0","0","0.00","0.00","0.00","0.00","0","FALSE",1
"615","0","0","0","0","0","0","0","0","0","0","0","0","0","0.0","0.0","0.0","0.0","0","0.00","0.00","0.00","0.00","0","FALSE",1
"616","0","0","0","0","0","0","0","0","0","0","0","0","0","0.0","0.0","0.0","0.0","0","0.00","0.00","0.00","0.00","0","FALSE",1
