"element","position","multiplier","is_captain","is_vice_captain","element_type","id","gameweek"
310,1,1,FALSE,FALSE,1,"96097",1
498,2,1,FALSE,FALSE,2,"96097",1
369,3,1,FALSE,FALSE,2,"96097",1
3,4,1,FALSE,TRUE,2,"96097",1
584,5,1,FALSE,FALSE,3,"96097",1
317,6,2,TRUE,FALSE,3,"96097",1
434,7,1,FALSE,FALSE,3,"96097",1
182,8,1,FALSE,FALSE,3,"96097",1
207,9,1,FALSE,FALSE,4,"96097",1
251,10,1,FALSE,FALSE,4,"96097",1
268,11,1,FALSE,FALSE,4,"96097",1
73,12,0,FALSE,FALSE,1,"96097",1
240,13,0,FALSE,FALSE,3,"96097",1
524,14,0,FALSE,FALSE,2,"96097",1
340,15,0,FALSE,FALSE,2,"96097",1
310,1,1,FALSE,FALSE,1,"96097",2
498,2,1,FALSE,FALSE,2,"96097",2
340,3,1,FALSE,FALSE,2,"96097",2
3,4,1,FALSE,FALSE,2,"96097",2
584,5,1,FALSE,FALSE,3,"96097",2
317,6,2,TRUE,FALSE,3,"96097",2
240,7,1,FALSE,FALSE,3,"96097",2
182,8,1,FALSE,TRUE,3,"96097",2
207,9,1,FALSE,FALSE,4,"96097",2
251,10,1,FALSE,FALSE,4,"96097",2
306,11,1,FALSE,FALSE,4,"96097",2
73,12,0,FALSE,FALSE,1,"96097",2
434,13,0,FALSE,FALSE,3,"96097",2
369,14,0,FALSE,FALSE,2,"96097",2
524,15,0,FALSE,FALSE,2,"96097",2
310,1,1,FALSE,FALSE,1,"96097",3
498,2,1,FALSE,FALSE,2,"96097",3
340,3,1,FALSE,FALSE,2,"96097",3
3,4,1,FALSE,FALSE,2,"96097",3
434,5,1,FALSE,FALSE,3,"96097",3
317,6,1,FALSE,TRUE,3,"96097",3
584,7,1,FALSE,FALSE,3,"96097",3
182,8,2,TRUE,FALSE,3,"96097",3
207,9,1,FALSE,FALSE,4,"96097",3
251,10,1,FALSE,FALSE,4,"96097",3
306,11,1,FALSE,FALSE,4,"96097",3
73,12,0,FALSE,FALSE,1,"96097",3
240,13,0,FALSE,FALSE,3,"96097",3
369,14,0,FALSE,FALSE,2,"96097",3
524,15,0,FALSE,FALSE,2,"96097",3
310,1,1,FALSE,FALSE,1,"96097",4
340,2,1,FALSE,FALSE,2,"96097",4
3,3,1,FALSE,FALSE,2,"96097",4
369,4,1,FALSE,FALSE,2,"96097",4
240,5,1,FALSE,FALSE,3,"96097",4
317,6,1,FALSE,TRUE,3,"96097",4
186,7,1,FALSE,FALSE,3,"96097",4
182,8,2,TRUE,FALSE,3,"96097",4
207,9,1,FALSE,FALSE,4,"96097",4
251,10,1,FALSE,FALSE,4,"96097",4
306,11,1,FALSE,FALSE,4,"96097",4
73,12,0,FALSE,FALSE,1,"96097",4
524,13,0,FALSE,FALSE,2,"96097",4
498,14,0,FALSE,FALSE,2,"96097",4
434,15,0,FALSE,FALSE,3,"96097",4
325,1,1,FALSE,FALSE,1,"96097",5
498,2,1,FALSE,FALSE,2,"96097",5
369,3,1,FALSE,FALSE,2,"96097",5
340,4,1,FALSE,FALSE,2,"96097",5
3,5,1,FALSE,FALSE,2,"96097",5
240,6,1,FALSE,FALSE,3,"96097",5
434,7,1,FALSE,FALSE,3,"96097",5
182,8,2,TRUE,FALSE,3,"96097",5
251,9,1,FALSE,FALSE,4,"96097",5
306,10,1,FALSE,FALSE,4,"96097",5
207,11,1,FALSE,FALSE,4,"96097",5
310,12,0,FALSE,FALSE,1,"96097",5
317,13,0,FALSE,TRUE,3,"96097",5
186,14,0,FALSE,FALSE,3,"96097",5
524,15,0,FALSE,FALSE,2,"96097",5
310,1,1,FALSE,FALSE,1,"96097",6
340,2,1,FALSE,FALSE,2,"96097",6
369,3,1,FALSE,FALSE,2,"96097",6
3,4,1,FALSE,TRUE,2,"96097",6
186,5,1,FALSE,FALSE,3,"96097",6
240,6,1,FALSE,FALSE,3,"96097",6
317,7,1,FALSE,FALSE,3,"96097",6
434,8,1,FALSE,FALSE,3,"96097",6
182,9,2,TRUE,FALSE,3,"96097",6
207,10,1,FALSE,FALSE,4,"96097",6
306,11,1,FALSE,FALSE,4,"96097",6
325,12,0,FALSE,FALSE,1,"96097",6
251,13,0,FALSE,FALSE,4,"96097",6
524,14,0,FALSE,FALSE,2,"96097",6
498,15,0,FALSE,FALSE,2,"96097",6
310,1,1,FALSE,FALSE,1,"96097",7
340,2,1,FALSE,FALSE,2,"96097",7
524,3,1,FALSE,FALSE,2,"96097",7
3,4,1,FALSE,FALSE,2,"96097",7
186,5,1,FALSE,FALSE,3,"96097",7
9,6,1,FALSE,TRUE,3,"96097",7
317,7,1,FALSE,FALSE,3,"96097",7
491,8,1,FALSE,FALSE,3,"96097",7
182,9,2,TRUE,FALSE,3,"96097",7
207,10,1,FALSE,FALSE,4,"96097",7
306,11,1,FALSE,FALSE,4,"96097",7
325,12,0,FALSE,FALSE,1,"96097",7
498,13,0,FALSE,FALSE,2,"96097",7
369,14,0,FALSE,FALSE,2,"96097",7
251,15,0,FALSE,FALSE,4,"96097",7
325,1,1,FALSE,FALSE,1,"96097",8
498,2,1,FALSE,FALSE,2,"96097",8
369,3,1,FALSE,FALSE,2,"96097",8
3,4,1,FALSE,FALSE,2,"96097",8
436,5,1,FALSE,FALSE,2,"96097",8
186,6,1,FALSE,FALSE,3,"96097",8
317,7,1,FALSE,TRUE,3,"96097",8
491,8,1,FALSE,FALSE,3,"96097",8
182,9,2,TRUE,FALSE,3,"96097",8
207,10,1,FALSE,FALSE,4,"96097",8
306,11,1,FALSE,FALSE,4,"96097",8
310,12,0,FALSE,FALSE,1,"96097",8
251,13,0,FALSE,FALSE,4,"96097",8
340,14,0,FALSE,FALSE,2,"96097",8
9,15,0,FALSE,FALSE,3,"96097",8
325,1,1,FALSE,FALSE,1,"96097",9
498,2,1,FALSE,FALSE,2,"96097",9
3,3,1,FALSE,FALSE,2,"96097",9
340,4,1,FALSE,FALSE,2,"96097",9
369,5,1,FALSE,FALSE,2,"96097",9
9,6,1,FALSE,FALSE,3,"96097",9
240,7,1,FALSE,FALSE,3,"96097",9
491,8,1,FALSE,FALSE,3,"96097",9
182,9,2,TRUE,FALSE,3,"96097",9
207,10,1,FALSE,FALSE,4,"96097",9
306,11,1,FALSE,TRUE,4,"96097",9
310,12,0,FALSE,FALSE,1,"96097",9
317,13,0,FALSE,FALSE,3,"96097",9
436,14,0,FALSE,FALSE,2,"96097",9
251,15,0,FALSE,FALSE,4,"96097",9
325,1,1,FALSE,FALSE,1,"96097",10
498,2,1,FALSE,FALSE,2,"96097",10
3,3,1,FALSE,FALSE,2,"96097",10
436,4,1,FALSE,FALSE,2,"96097",10
9,5,1,FALSE,FALSE,3,"96097",10
240,6,1,FALSE,FALSE,3,"96097",10
491,7,1,FALSE,FALSE,3,"96097",10
182,8,2,TRUE,FALSE,3,"96097",10
232,9,1,FALSE,FALSE,4,"96097",10
207,10,1,FALSE,TRUE,4,"96097",10
306,11,1,FALSE,FALSE,4,"96097",10
310,12,0,FALSE,FALSE,1,"96097",10
340,13,0,FALSE,FALSE,2,"96097",10
369,14,0,FALSE,FALSE,2,"96097",10
317,15,0,FALSE,FALSE,3,"96097",10
325,1,1,FALSE,FALSE,1,"96097",11
498,2,1,FALSE,FALSE,2,"96097",11
369,3,1,FALSE,FALSE,2,"96097",11
3,4,1,FALSE,FALSE,2,"96097",11
436,5,1,FALSE,FALSE,2,"96097",11
9,6,1,FALSE,FALSE,3,"96097",11
491,7,1,FALSE,TRUE,3,"96097",11
182,8,2,TRUE,FALSE,3,"96097",11
385,9,1,FALSE,FALSE,3,"96097",11
232,10,1,FALSE,FALSE,4,"96097",11
207,11,1,FALSE,FALSE,4,"96097",11
310,12,0,FALSE,FALSE,1,"96097",11
340,13,0,FALSE,FALSE,2,"96097",11
306,14,0,FALSE,FALSE,4,"96097",11
317,15,0,FALSE,FALSE,3,"96097",11
325,1,1,FALSE,FALSE,1,"96097",12
369,2,1,FALSE,FALSE,2,"96097",12
340,3,1,FALSE,FALSE,2,"96097",12
3,4,1,FALSE,FALSE,2,"96097",12
436,5,1,FALSE,FALSE,2,"96097",12
491,6,1,FALSE,TRUE,3,"96097",12
182,7,2,TRUE,FALSE,3,"96097",12
385,8,1,FALSE,FALSE,3,"96097",12
232,9,1,FALSE,FALSE,4,"96097",12
306,10,1,FALSE,FALSE,4,"96097",12
207,11,1,FALSE,FALSE,4,"96097",12
310,12,0,FALSE,FALSE,1,"96097",12
9,13,0,FALSE,FALSE,3,"96097",12
498,14,0,FALSE,FALSE,2,"96097",12
317,15,0,FALSE,FALSE,3,"96097",12
325,1,1,FALSE,FALSE,1,"96097",13
436,2,1,FALSE,FALSE,2,"96097",13
369,3,1,FALSE,FALSE,2,"96097",13
3,4,1,FALSE,FALSE,2,"96097",13
340,5,1,FALSE,FALSE,2,"96097",13
491,6,1,FALSE,FALSE,3,"96097",13
182,7,2,TRUE,FALSE,3,"96097",13
385,8,1,FALSE,TRUE,3,"96097",13
232,9,1,FALSE,FALSE,4,"96097",13
306,10,1,FALSE,FALSE,4,"96097",13
207,11,1,FALSE,FALSE,4,"96097",13
310,12,0,FALSE,FALSE,1,"96097",13
9,13,0,FALSE,FALSE,3,"96097",13
498,14,0,FALSE,FALSE,2,"96097",13
317,15,0,FALSE,FALSE,3,"96097",13
325,1,1,FALSE,FALSE,1,"96097",14
44,2,1,FALSE,FALSE,2,"96097",14
340,3,1,FALSE,FALSE,2,"96097",14
369,4,1,FALSE,FALSE,2,"96097",14
9,5,1,FALSE,FALSE,3,"96097",14
491,6,1,FALSE,FALSE,3,"96097",14
182,7,2,TRUE,FALSE,3,"96097",14
385,8,1,FALSE,TRUE,3,"96097",14
389,9,1,FALSE,FALSE,4,"96097",14
306,10,1,FALSE,FALSE,4,"96097",14
207,11,1,FALSE,FALSE,4,"96097",14
310,12,0,FALSE,FALSE,1,"96097",14
317,13,0,FALSE,FALSE,3,"96097",14
498,14,0,FALSE,FALSE,2,"96097",14
3,15,0,FALSE,FALSE,2,"96097",14
325,1,1,FALSE,FALSE,1,"96097",15
44,2,1,FALSE,FALSE,2,"96097",15
369,3,1,FALSE,FALSE,2,"96097",15
498,4,1,FALSE,FALSE,2,"96097",15
9,5,1,FALSE,FALSE,3,"96097",15
491,6,1,FALSE,FALSE,3,"96097",15
182,7,2,TRUE,FALSE,3,"96097",15
385,8,1,FALSE,TRUE,3,"96097",15
389,9,1,FALSE,FALSE,4,"96097",15
306,10,1,FALSE,FALSE,4,"96097",15
207,11,1,FALSE,FALSE,4,"96097",15
310,12,0,FALSE,FALSE,1,"96097",15
317,13,0,FALSE,FALSE,3,"96097",15
3,14,0,FALSE,FALSE,2,"96097",15
340,15,0,FALSE,FALSE,2,"96097",15
310,1,1,FALSE,FALSE,1,"96097",16
44,2,1,FALSE,FALSE,2,"96097",16
85,3,1,FALSE,FALSE,2,"96097",16
3,4,1,FALSE,FALSE,2,"96097",16
9,5,1,FALSE,FALSE,3,"96097",16
491,6,1,FALSE,TRUE,3,"96097",16
182,7,2,TRUE,FALSE,3,"96097",16
317,8,1,FALSE,FALSE,3,"96097",16
389,9,1,FALSE,FALSE,4,"96097",16
306,10,1,FALSE,FALSE,4,"96097",16
207,11,1,FALSE,FALSE,4,"96097",16
325,12,0,FALSE,FALSE,1,"96097",16
385,13,0,FALSE,FALSE,3,"96097",16
369,14,0,FALSE,FALSE,2,"96097",16
355,15,0,FALSE,FALSE,2,"96097",16
310,1,1,FALSE,FALSE,1,"96097",17
369,2,1,FALSE,FALSE,2,"96097",17
355,3,1,FALSE,FALSE,2,"96097",17
3,4,1,FALSE,FALSE,2,"96097",17
9,5,1,FALSE,FALSE,3,"96097",17
317,6,1,FALSE,FALSE,3,"96097",17
491,7,1,FALSE,TRUE,3,"96097",17
182,8,2,TRUE,FALSE,3,"96097",17
389,9,1,FALSE,FALSE,4,"96097",17
207,10,1,FALSE,FALSE,4,"96097",17
306,11,1,FALSE,FALSE,4,"96097",17
325,12,0,FALSE,FALSE,1,"96097",17
385,13,0,FALSE,FALSE,3,"96097",17
44,14,0,FALSE,FALSE,2,"96097",17
85,15,0,FALSE,FALSE,2,"96097",17
310,1,1,FALSE,FALSE,1,"96097",18
85,2,1,FALSE,FALSE,2,"96097",18
355,3,1,FALSE,FALSE,2,"96097",18
3,4,1,FALSE,FALSE,2,"96097",18
369,5,1,FALSE,FALSE,2,"96097",18
9,6,1,FALSE,TRUE,3,"96097",18
317,7,1,FALSE,FALSE,3,"96097",18
491,8,1,FALSE,FALSE,3,"96097",18
182,9,2,TRUE,FALSE,3,"96097",18
389,10,1,FALSE,FALSE,4,"96097",18
207,11,1,FALSE,FALSE,4,"96097",18
325,12,0,FALSE,FALSE,1,"96097",18
306,13,0,FALSE,FALSE,4,"96097",18
44,14,0,FALSE,FALSE,2,"96097",18
385,15,0,FALSE,FALSE,3,"96097",18
310,1,1,FALSE,FALSE,1,"96097",19
159,2,1,FALSE,FALSE,2,"96097",19
3,3,1,FALSE,FALSE,2,"96097",19
395,4,1,FALSE,FALSE,2,"96097",19
355,5,1,FALSE,FALSE,2,"96097",19
9,6,1,FALSE,FALSE,3,"96097",19
394,7,1,FALSE,FALSE,3,"96097",19
491,8,1,FALSE,FALSE,3,"96097",19
182,9,2,TRUE,FALSE,3,"96097",19
317,10,1,FALSE,FALSE,3,"96097",19
207,11,1,FALSE,TRUE,4,"96097",19
325,12,0,FALSE,FALSE,1,"96097",19
369,13,0,FALSE,FALSE,2,"96097",19
306,14,0,FALSE,FALSE,4,"96097",19
389,15,0,FALSE,FALSE,4,"96097",19
310,1,1,FALSE,FALSE,1,"96097",20
44,2,1,FALSE,FALSE,2,"96097",20
3,3,1,FALSE,FALSE,2,"96097",20
355,4,1,FALSE,FALSE,2,"96097",20
9,5,1,FALSE,FALSE,3,"96097",20
394,6,1,FALSE,FALSE,3,"96097",20
491,7,1,FALSE,FALSE,3,"96097",20
182,8,2,TRUE,FALSE,3,"96097",20
317,9,1,FALSE,TRUE,3,"96097",20
251,10,1,FALSE,FALSE,4,"96097",20
207,11,1,FALSE,FALSE,4,"96097",20
325,12,0,FALSE,FALSE,1,"96097",20
306,13,0,FALSE,FALSE,4,"96097",20
395,14,0,FALSE,FALSE,2,"96097",20
369,15,0,FALSE,FALSE,2,"96097",20
310,1,1,FALSE,FALSE,1,"96097",21
594,2,1,FALSE,FALSE,2,"96097",21
3,3,1,FALSE,FALSE,2,"96097",21
395,4,1,FALSE,FALSE,2,"96097",21
44,5,1,FALSE,FALSE,2,"96097",21
9,6,1,FALSE,FALSE,3,"96097",21
394,7,1,FALSE,FALSE,3,"96097",21
182,8,2,TRUE,FALSE,3,"96097",21
317,9,1,FALSE,TRUE,3,"96097",21
306,10,1,FALSE,FALSE,4,"96097",21
207,11,1,FALSE,FALSE,4,"96097",21
325,12,0,FALSE,FALSE,1,"96097",21
355,13,0,FALSE,FALSE,2,"96097",21
251,14,0,FALSE,FALSE,4,"96097",21
491,15,0,FALSE,FALSE,3,"96097",21
201,1,1,FALSE,FALSE,1,"93926",1
350,2,1,FALSE,FALSE,2,"93926",1
255,3,1,FALSE,FALSE,2,"93926",1
311,4,1,FALSE,FALSE,2,"93926",1
317,5,1,FALSE,FALSE,3,"93926",1
19,6,1,FALSE,FALSE,3,"93926",1
17,7,1,FALSE,TRUE,3,"93926",1
398,8,1,FALSE,FALSE,3,"93926",1
82,9,1,FALSE,FALSE,4,"93926",1
401,10,2,TRUE,FALSE,4,"93926",1
351,11,1,FALSE,FALSE,4,"93926",1
209,12,0,FALSE,FALSE,1,"93926",1
309,13,0,FALSE,FALSE,3,"93926",1
116,14,0,FALSE,FALSE,2,"93926",1
291,15,0,FALSE,FALSE,2,"93926",1
201,1,1,FALSE,FALSE,1,"93926",2
350,2,1,FALSE,FALSE,2,"93926",2
255,3,1,FALSE,FALSE,2,"93926",2
311,4,1,FALSE,FALSE,2,"93926",2
317,5,1,FALSE,TRUE,3,"93926",2
19,6,1,FALSE,FALSE,3,"93926",2
17,7,1,FALSE,FALSE,3,"93926",2
398,8,1,FALSE,FALSE,3,"93926",2
351,9,3,TRUE,FALSE,4,"93926",2
251,10,1,FALSE,FALSE,4,"93926",2
401,11,1,FALSE,FALSE,4,"93926",2
209,12,0,FALSE,FALSE,1,"93926",2
309,13,0,FALSE,FALSE,3,"93926",2
291,14,0,FALSE,FALSE,2,"93926",2
116,15,0,FALSE,FALSE,2,"93926",2
91,1,1,FALSE,FALSE,1,"93926",3
44,2,1,FALSE,FALSE,2,"93926",3
291,3,1,FALSE,FALSE,2,"93926",3
311,4,1,FALSE,FALSE,2,"93926",3
317,5,1,FALSE,FALSE,3,"93926",3
19,6,1,FALSE,FALSE,3,"93926",3
54,7,1,FALSE,FALSE,3,"93926",3
182,8,1,FALSE,TRUE,3,"93926",3
328,9,1,FALSE,FALSE,3,"93926",3
351,10,2,TRUE,FALSE,4,"93926",3
251,11,1,FALSE,FALSE,4,"93926",3
109,12,0,FALSE,FALSE,1,"93926",3
129,13,0,FALSE,FALSE,4,"93926",3
461,14,0,FALSE,FALSE,2,"93926",3
275,15,0,FALSE,FALSE,2,"93926",3
91,1,1,FALSE,FALSE,1,"93926",4
44,2,1,FALSE,FALSE,2,"93926",4
291,3,1,FALSE,FALSE,2,"93926",4
311,4,1,FALSE,FALSE,2,"93926",4
317,5,1,FALSE,FALSE,3,"93926",4
19,6,1,FALSE,FALSE,3,"93926",4
54,7,1,FALSE,FALSE,3,"93926",4
182,8,1,FALSE,FALSE,3,"93926",4
328,9,1,FALSE,TRUE,3,"93926",4
251,10,1,FALSE,FALSE,4,"93926",4
351,11,2,TRUE,FALSE,4,"93926",4
109,12,0,FALSE,FALSE,1,"93926",4
129,13,0,FALSE,FALSE,4,"93926",4
461,14,0,FALSE,FALSE,2,"93926",4
275,15,0,FALSE,FALSE,2,"93926",4
91,1,1,FALSE,FALSE,1,"93926",5
44,2,1,FALSE,FALSE,2,"93926",5
291,3,1,FALSE,FALSE,2,"93926",5
311,4,1,FALSE,FALSE,2,"93926",5
19,5,1,FALSE,FALSE,3,"93926",5
54,6,1,FALSE,FALSE,3,"93926",5
182,7,1,FALSE,TRUE,3,"93926",5
328,8,2,TRUE,FALSE,3,"93926",5
251,9,1,FALSE,FALSE,4,"93926",5
129,10,1,FALSE,FALSE,4,"93926",5
351,11,1,FALSE,FALSE,4,"93926",5
109,12,0,FALSE,FALSE,1,"93926",5
317,13,0,FALSE,FALSE,3,"93926",5
461,14,0,FALSE,FALSE,2,"93926",5
275,15,0,FALSE,FALSE,2,"93926",5
91,1,1,FALSE,FALSE,1,"93926",6
461,2,1,FALSE,FALSE,2,"93926",6
44,3,1,FALSE,FALSE,2,"93926",6
311,4,1,FALSE,FALSE,2,"93926",6
99,5,1,FALSE,FALSE,3,"93926",6
19,6,1,FALSE,FALSE,3,"93926",6
54,7,1,FALSE,FALSE,3,"93926",6
182,8,1,FALSE,FALSE,3,"93926",6
17,9,1,FALSE,TRUE,3,"93926",6
4,10,1,FALSE,FALSE,4,"93926",6
351,11,2,TRUE,FALSE,4,"93926",6
109,12,0,FALSE,FALSE,1,"93926",6
129,13,0,FALSE,FALSE,4,"93926",6
275,14,0,FALSE,FALSE,2,"93926",6
291,15,0,FALSE,FALSE,2,"93926",6
91,1,1,FALSE,FALSE,1,"93926",7
44,2,1,FALSE,FALSE,2,"93926",7
291,3,1,FALSE,FALSE,2,"93926",7
311,4,1,FALSE,FALSE,2,"93926",7
99,5,1,FALSE,FALSE,3,"93926",7
19,6,1,FALSE,FALSE,3,"93926",7
54,7,1,FALSE,FALSE,3,"93926",7
182,8,1,FALSE,FALSE,3,"93926",7
17,9,2,TRUE,FALSE,3,"93926",7
351,10,1,FALSE,TRUE,4,"93926",7
4,11,1,FALSE,FALSE,4,"93926",7
109,12,0,FALSE,FALSE,1,"93926",7
129,13,0,FALSE,FALSE,4,"93926",7
461,14,0,FALSE,FALSE,2,"93926",7
275,15,0,FALSE,FALSE,2,"93926",7
91,1,1,FALSE,FALSE,1,"93926",8
461,2,1,FALSE,FALSE,2,"93926",8
291,3,1,FALSE,FALSE,2,"93926",8
495,4,1,FALSE,FALSE,2,"93926",8
99,5,1,FALSE,FALSE,3,"93926",8
19,6,1,FALSE,FALSE,3,"93926",8
182,7,1,FALSE,FALSE,3,"93926",8
54,8,1,FALSE,FALSE,3,"93926",8
4,9,1,FALSE,FALSE,4,"93926",8
82,10,1,FALSE,TRUE,4,"93926",8
351,11,2,TRUE,FALSE,4,"93926",8
109,12,0,FALSE,FALSE,1,"93926",8
17,13,0,FALSE,FALSE,3,"93926",8
44,14,0,FALSE,FALSE,2,"93926",8
275,15,0,FALSE,FALSE,2,"93926",8
91,1,1,FALSE,FALSE,1,"93926",9
44,2,1,FALSE,FALSE,2,"93926",9
291,3,1,FALSE,FALSE,2,"93926",9
495,4,1,FALSE,FALSE,2,"93926",9
99,5,1,FALSE,FALSE,3,"93926",9
19,6,1,FALSE,FALSE,3,"93926",9
182,7,1,FALSE,TRUE,3,"93926",9
17,8,1,FALSE,FALSE,3,"93926",9
54,9,1,FALSE,FALSE,3,"93926",9
82,10,1,FALSE,FALSE,4,"93926",9
351,11,2,TRUE,FALSE,4,"93926",9
109,12,0,FALSE,FALSE,1,"93926",9
4,13,0,FALSE,FALSE,4,"93926",9
275,14,0,FALSE,FALSE,2,"93926",9
461,15,0,FALSE,FALSE,2,"93926",9
91,1,1,FALSE,FALSE,1,"93926",10
533,2,1,FALSE,FALSE,2,"93926",10
291,3,1,FALSE,FALSE,2,"93926",10
495,4,1,FALSE,FALSE,2,"93926",10
99,5,1,FALSE,FALSE,3,"93926",10
19,6,1,FALSE,FALSE,3,"93926",10
182,7,1,FALSE,TRUE,3,"93926",10
17,8,1,FALSE,FALSE,3,"93926",10
4,9,1,FALSE,FALSE,4,"93926",10
82,10,1,FALSE,FALSE,4,"93926",10
351,11,2,TRUE,FALSE,4,"93926",10
109,12,0,FALSE,FALSE,1,"93926",10
54,13,0,FALSE,FALSE,3,"93926",10
275,14,0,FALSE,FALSE,2,"93926",10
461,15,0,FALSE,FALSE,2,"93926",10
91,1,1,FALSE,FALSE,1,"93926",11
533,2,1,FALSE,FALSE,2,"93926",11
291,3,1,FALSE,FALSE,2,"93926",11
495,4,1,FALSE,FALSE,2,"93926",11
99,5,1,FALSE,FALSE,3,"93926",11
19,6,1,FALSE,FALSE,3,"93926",11
182,7,1,FALSE,FALSE,3,"93926",11
328,8,2,TRUE,FALSE,3,"93926",11
27,9,1,FALSE,FALSE,4,"93926",11
82,10,1,FALSE,TRUE,4,"93926",11
351,11,1,FALSE,FALSE,4,"93926",11
109,12,0,FALSE,FALSE,1,"93926",11
54,13,0,FALSE,FALSE,3,"93926",11
275,14,0,FALSE,FALSE,2,"93926",11
461,15,0,FALSE,FALSE,2,"93926",11
91,1,1,FALSE,FALSE,1,"93926",12
533,2,1,FALSE,FALSE,2,"93926",12
291,3,1,FALSE,FALSE,2,"93926",12
495,4,1,FALSE,FALSE,2,"93926",12
99,5,1,FALSE,FALSE,3,"93926",12
19,6,1,FALSE,FALSE,3,"93926",12
182,7,1,FALSE,FALSE,3,"93926",12
328,8,2,TRUE,FALSE,3,"93926",12
54,9,1,FALSE,FALSE,3,"93926",12
82,10,1,FALSE,FALSE,4,"93926",12
351,11,1,FALSE,TRUE,4,"93926",12
109,12,0,FALSE,FALSE,1,"93926",12
27,13,0,FALSE,FALSE,4,"93926",12
275,14,0,FALSE,FALSE,2,"93926",12
461,15,0,FALSE,FALSE,2,"93926",12
91,1,1,FALSE,FALSE,1,"93926",13
533,2,1,FALSE,FALSE,2,"93926",13
461,3,1,FALSE,FALSE,2,"93926",13
495,4,1,FALSE,FALSE,2,"93926",13
99,5,1,FALSE,FALSE,3,"93926",13
19,6,1,FALSE,FALSE,3,"93926",13
182,7,2,TRUE,FALSE,3,"93926",13
328,8,1,FALSE,TRUE,3,"93926",13
566,9,1,FALSE,FALSE,4,"93926",13
129,10,1,FALSE,FALSE,4,"93926",13
351,11,1,FALSE,FALSE,4,"93926",13
109,12,0,FALSE,FALSE,1,"93926",13
54,13,0,FALSE,FALSE,3,"93926",13
291,14,0,FALSE,FALSE,2,"93926",13
275,15,0,FALSE,FALSE,2,"93926",13
91,1,1,FALSE,FALSE,1,"93926",14
533,2,1,FALSE,FALSE,2,"93926",14
291,3,1,FALSE,FALSE,2,"93926",14
44,4,1,FALSE,FALSE,2,"93926",14
17,5,1,FALSE,FALSE,3,"93926",14
54,6,1,FALSE,FALSE,3,"93926",14
182,7,2,TRUE,FALSE,3,"93926",14
328,8,1,FALSE,FALSE,3,"93926",14
566,9,1,FALSE,FALSE,4,"93926",14
129,10,1,FALSE,FALSE,4,"93926",14
351,11,1,FALSE,TRUE,4,"93926",14
109,12,0,FALSE,FALSE,1,"93926",14
19,13,0,FALSE,FALSE,3,"93926",14
461,14,0,FALSE,FALSE,2,"93926",14
275,15,0,FALSE,FALSE,2,"93926",14
91,1,1,FALSE,FALSE,1,"93926",15
533,2,1,FALSE,FALSE,2,"93926",15
291,3,1,FALSE,FALSE,2,"93926",15
44,4,1,FALSE,FALSE,2,"93926",15
17,5,1,FALSE,FALSE,3,"93926",15
54,6,1,FALSE,FALSE,3,"93926",15
182,7,1,FALSE,TRUE,3,"93926",15
19,8,1,FALSE,FALSE,3,"93926",15
566,9,1,FALSE,FALSE,4,"93926",15
129,10,1,FALSE,FALSE,4,"93926",15
351,11,2,TRUE,FALSE,4,"93926",15
109,12,0,FALSE,FALSE,1,"93926",15
328,13,0,FALSE,FALSE,3,"93926",15
461,14,0,FALSE,FALSE,2,"93926",15
275,15,0,FALSE,FALSE,2,"93926",15
91,1,1,FALSE,FALSE,1,"93926",16
533,2,1,FALSE,FALSE,2,"93926",16
461,3,1,FALSE,FALSE,2,"93926",16
580,4,1,FALSE,FALSE,2,"93926",16
17,5,1,FALSE,FALSE,3,"93926",16
54,6,1,FALSE,FALSE,3,"93926",16
182,7,2,TRUE,FALSE,3,"93926",16
328,8,1,FALSE,TRUE,3,"93926",16
566,9,1,FALSE,FALSE,4,"93926",16
129,10,1,FALSE,FALSE,4,"93926",16
351,11,1,FALSE,FALSE,4,"93926",16
109,12,0,FALSE,FALSE,1,"93926",16
19,13,0,FALSE,FALSE,3,"93926",16
291,14,0,FALSE,FALSE,2,"93926",16
275,15,0,FALSE,FALSE,2,"93926",16
91,1,1,FALSE,FALSE,1,"93926",17
162,2,1,FALSE,FALSE,2,"93926",17
461,3,1,FALSE,FALSE,2,"93926",17
291,4,1,FALSE,FALSE,2,"93926",17
17,5,1,FALSE,FALSE,3,"93926",17
54,6,1,FALSE,FALSE,3,"93926",17
182,7,1,FALSE,TRUE,3,"93926",17
328,8,2,TRUE,FALSE,3,"93926",17
566,9,1,FALSE,FALSE,4,"93926",17
129,10,1,FALSE,FALSE,4,"93926",17
351,11,1,FALSE,FALSE,4,"93926",17
109,12,0,FALSE,FALSE,1,"93926",17
19,13,0,FALSE,FALSE,3,"93926",17
580,14,0,FALSE,FALSE,2,"93926",17
275,15,0,FALSE,FALSE,2,"93926",17
91,1,1,FALSE,FALSE,1,"93926",18
162,2,1,FALSE,FALSE,2,"93926",18
461,3,1,FALSE,FALSE,2,"93926",18
580,4,1,FALSE,FALSE,2,"93926",18
89,5,1,FALSE,FALSE,3,"93926",18
54,6,1,FALSE,FALSE,3,"93926",18
182,7,1,FALSE,FALSE,3,"93926",18
328,8,2,TRUE,FALSE,3,"93926",18
401,9,1,FALSE,TRUE,4,"93926",18
129,10,1,FALSE,FALSE,4,"93926",18
351,11,1,FALSE,FALSE,4,"93926",18
109,12,0,FALSE,FALSE,1,"93926",18
327,13,0,FALSE,FALSE,3,"93926",18
291,14,0,FALSE,FALSE,2,"93926",18
275,15,0,FALSE,FALSE,2,"93926",18
201,1,1,FALSE,FALSE,1,"93926",19
162,2,1,FALSE,FALSE,2,"93926",19
580,3,1,FALSE,FALSE,2,"93926",19
275,4,1,FALSE,FALSE,2,"93926",19
327,5,1,FALSE,FALSE,3,"93926",19
54,6,1,FALSE,FALSE,3,"93926",19
182,7,1,FALSE,TRUE,3,"93926",19
328,8,2,TRUE,FALSE,3,"93926",19
401,9,1,FALSE,FALSE,4,"93926",19
129,10,1,FALSE,FALSE,4,"93926",19
351,11,1,FALSE,FALSE,4,"93926",19
109,12,0,FALSE,FALSE,1,"93926",19
89,13,0,FALSE,FALSE,3,"93926",19
291,14,0,FALSE,FALSE,2,"93926",19
461,15,0,FALSE,FALSE,2,"93926",19
201,1,1,FALSE,FALSE,1,"93926",20
162,2,1,FALSE,FALSE,2,"93926",20
580,3,1,FALSE,FALSE,2,"93926",20
275,4,1,FALSE,FALSE,2,"93926",20
327,5,1,FALSE,FALSE,3,"93926",20
89,6,1,FALSE,FALSE,3,"93926",20
182,7,1,FALSE,TRUE,3,"93926",20
328,8,2,TRUE,FALSE,3,"93926",20
401,9,1,FALSE,FALSE,4,"93926",20
129,10,1,FALSE,FALSE,4,"93926",20
351,11,1,FALSE,FALSE,4,"93926",20
109,12,0,FALSE,FALSE,1,"93926",20
54,13,0,FALSE,FALSE,3,"93926",20
291,14,0,FALSE,FALSE,2,"93926",20
461,15,0,FALSE,FALSE,2,"93926",20
201,1,1,FALSE,FALSE,1,"93926",21
580,2,1,FALSE,FALSE,2,"93926",21
200,3,1,FALSE,FALSE,2,"93926",21
291,4,1,FALSE,FALSE,2,"93926",21
398,5,1,FALSE,FALSE,3,"93926",21
89,6,1,FALSE,FALSE,3,"93926",21
54,7,1,FALSE,FALSE,3,"93926",21
182,8,1,FALSE,FALSE,3,"93926",21
328,9,1,FALSE,TRUE,3,"93926",21
401,10,2,TRUE,FALSE,4,"93926",21
351,11,1,FALSE,FALSE,4,"93926",21
109,12,0,FALSE,FALSE,1,"93926",21
129,13,0,FALSE,FALSE,4,"93926",21
275,14,0,FALSE,FALSE,2,"93926",21
461,15,0,FALSE,FALSE,2,"93926",21
347,1,1,FALSE,FALSE,1,"1114016",1
339,2,1,FALSE,FALSE,2,"1114016",1
25,3,1,FALSE,FALSE,2,"1114016",1
24,4,1,FALSE,FALSE,2,"1114016",1
13,5,1,FALSE,TRUE,3,"1114016",1
503,6,2,TRUE,FALSE,3,"1114016",1
19,7,1,FALSE,FALSE,3,"1114016",1
560,8,1,FALSE,FALSE,3,"1114016",1
389,9,1,FALSE,FALSE,4,"1114016",1
220,10,1,FALSE,FALSE,4,"1114016",1
589,11,1,FALSE,FALSE,4,"1114016",1
413,12,0,FALSE,FALSE,1,"1114016",1
418,13,0,FALSE,FALSE,2,"1114016",1
186,14,0,FALSE,FALSE,3,"1114016",1
163,15,0,FALSE,FALSE,2,"1114016",1
347,1,1,FALSE,FALSE,1,"1114016",2
339,2,1,FALSE,FALSE,2,"1114016",2
163,3,1,FALSE,FALSE,2,"1114016",2
24,4,1,FALSE,FALSE,2,"1114016",2
13,5,1,FALSE,TRUE,3,"1114016",2
503,6,2,TRUE,FALSE,3,"1114016",2
19,7,1,FALSE,FALSE,3,"1114016",2
394,8,1,FALSE,FALSE,3,"1114016",2
389,9,1,FALSE,FALSE,4,"1114016",2
220,10,1,FALSE,FALSE,4,"1114016",2
589,11,1,FALSE,FALSE,4,"1114016",2
413,12,0,FALSE,FALSE,1,"1114016",2
560,13,0,FALSE,FALSE,3,"1114016",2
25,14,0,FALSE,FALSE,2,"1114016",2
418,15,0,FALSE,FALSE,2,"1114016",2
347,1,1,FALSE,FALSE,1,"1114016",3
339,2,1,FALSE,FALSE,2,"1114016",3
24,3,1,FALSE,FALSE,2,"1114016",3
163,4,1,FALSE,FALSE,2,"1114016",3
13,5,1,FALSE,FALSE,3,"1114016",3
503,6,2,TRUE,FALSE,3,"1114016",3
19,7,1,FALSE,FALSE,3,"1114016",3
177,8,1,FALSE,FALSE,3,"1114016",3
78,9,1,FALSE,TRUE,3,"1114016",3
589,10,1,FALSE,FALSE,4,"1114016",3
220,11,1,FALSE,FALSE,4,"1114016",3
413,12,0,FALSE,FALSE,1,"1114016",3
11,13,0,FALSE,FALSE,4,"1114016",3
25,14,0,FALSE,FALSE,2,"1114016",3
380,15,0,FALSE,FALSE,2,"1114016",3
347,1,1,FALSE,FALSE,1,"1114016",4
339,2,1,FALSE,FALSE,2,"1114016",4
24,3,1,FALSE,FALSE,2,"1114016",4
163,4,1,FALSE,FALSE,2,"1114016",4
380,5,1,FALSE,FALSE,2,"1114016",4
503,6,2,TRUE,FALSE,3,"1114016",4
19,7,1,FALSE,FALSE,3,"1114016",4
78,8,1,FALSE,TRUE,3,"1114016",4
177,9,1,FALSE,FALSE,3,"1114016",4
11,10,1,FALSE,FALSE,4,"1114016",4
220,11,1,FALSE,FALSE,4,"1114016",4
413,12,0,FALSE,FALSE,1,"1114016",4
25,13,0,FALSE,FALSE,2,"1114016",4
589,14,0,FALSE,FALSE,4,"1114016",4
13,15,0,FALSE,FALSE,3,"1114016",4
347,1,1,FALSE,FALSE,1,"1114016",5
339,2,1,FALSE,FALSE,2,"1114016",5
24,3,1,FALSE,FALSE,2,"1114016",5
163,4,1,FALSE,FALSE,2,"1114016",5
380,5,1,FALSE,FALSE,2,"1114016",5
503,6,2,TRUE,FALSE,3,"1114016",5
19,7,1,FALSE,FALSE,3,"1114016",5
78,8,1,FALSE,TRUE,3,"1114016",5
177,9,1,FALSE,FALSE,3,"1114016",5
11,10,1,FALSE,FALSE,4,"1114016",5
220,11,1,FALSE,FALSE,4,"1114016",5
413,12,0,FALSE,FALSE,1,"1114016",5
25,13,0,FALSE,FALSE,2,"1114016",5
589,14,0,FALSE,FALSE,4,"1114016",5
13,15,0,FALSE,FALSE,3,"1114016",5
347,1,1,FALSE,FALSE,1,"1114016",6
339,2,1,FALSE,TRUE,2,"1114016",6
122,3,1,FALSE,FALSE,2,"1114016",6
380,4,1,FALSE,FALSE,2,"1114016",6
163,5,1,FALSE,FALSE,2,"1114016",6
503,6,1,FALSE,FALSE,3,"1114016",6
19,7,2,TRUE,FALSE,3,"1114016",6
177,8,1,FALSE,FALSE,3,"1114016",6
78,9,1,FALSE,FALSE,3,"1114016",6
11,10,1,FALSE,FALSE,4,"1114016",6
220,11,1,FALSE,FALSE,4,"1114016",6
413,12,0,FALSE,FALSE,1,"1114016",6
589,13,0,FALSE,FALSE,4,"1114016",6
24,14,0,FALSE,FALSE,2,"1114016",6
13,15,0,FALSE,FALSE,3,"1114016",6
347,1,1,FALSE,FALSE,1,"1114016",7
339,2,1,FALSE,FALSE,2,"1114016",7
122,3,1,FALSE,FALSE,2,"1114016",7
163,4,1,FALSE,FALSE,2,"1114016",7
503,5,1,FALSE,FALSE,3,"1114016",7
19,6,1,FALSE,FALSE,3,"1114016",7
366,7,1,FALSE,FALSE,3,"1114016",7
78,8,2,TRUE,FALSE,3,"1114016",7
11,9,1,FALSE,FALSE,4,"1114016",7
220,10,1,FALSE,TRUE,4,"1114016",7
321,11,1,FALSE,FALSE,4,"1114016",7
413,12,0,FALSE,FALSE,1,"1114016",7
24,13,0,FALSE,FALSE,2,"1114016",7
380,14,0,FALSE,FALSE,2,"1114016",7
13,15,0,FALSE,FALSE,3,"1114016",7
347,1,1,FALSE,FALSE,1,"1114016",8
339,2,1,FALSE,FALSE,2,"1114016",8
295,3,1,FALSE,FALSE,2,"1114016",8
24,4,1,FALSE,FALSE,2,"1114016",8
122,5,1,FALSE,FALSE,2,"1114016",8
503,6,1,FALSE,FALSE,3,"1114016",8
19,7,2,TRUE,FALSE,3,"1114016",8
78,8,1,FALSE,FALSE,3,"1114016",8
366,9,1,FALSE,FALSE,3,"1114016",8
321,10,1,FALSE,FALSE,4,"1114016",8
220,11,1,FALSE,TRUE,4,"1114016",8
413,12,0,FALSE,FALSE,1,"1114016",8
11,13,0,FALSE,FALSE,4,"1114016",8
380,14,0,FALSE,FALSE,2,"1114016",8
13,15,0,FALSE,FALSE,3,"1114016",8
347,1,1,FALSE,FALSE,1,"1114016",9
339,2,1,FALSE,FALSE,2,"1114016",9
362,3,1,FALSE,FALSE,2,"1114016",9
24,4,1,FALSE,FALSE,2,"1114016",9
295,5,1,FALSE,FALSE,2,"1114016",9
380,6,1,FALSE,FALSE,2,"1114016",9
19,7,1,FALSE,FALSE,3,"1114016",9
366,8,2,FALSE,TRUE,3,"1114016",9
78,9,1,FALSE,FALSE,3,"1114016",9
11,10,1,FALSE,FALSE,4,"1114016",9
220,11,1,FALSE,FALSE,4,"1114016",9
413,12,0,FALSE,FALSE,1,"1114016",9
503,13,0,TRUE,FALSE,3,"1114016",9
321,14,0,FALSE,FALSE,4,"1114016",9
13,15,0,FALSE,FALSE,3,"1114016",9
347,1,1,FALSE,FALSE,1,"1114016",10
339,2,1,FALSE,FALSE,2,"1114016",10
238,3,1,FALSE,FALSE,2,"1114016",10
24,4,1,FALSE,FALSE,2,"1114016",10
380,5,1,FALSE,FALSE,2,"1114016",10
503,6,2,TRUE,FALSE,3,"1114016",10
19,7,1,FALSE,FALSE,3,"1114016",10
366,8,1,FALSE,TRUE,3,"1114016",10
78,9,1,FALSE,FALSE,3,"1114016",10
220,10,1,FALSE,FALSE,4,"1114016",10
27,11,1,FALSE,FALSE,4,"1114016",10
413,12,0,FALSE,FALSE,1,"1114016",10
295,13,0,FALSE,FALSE,2,"1114016",10
11,14,0,FALSE,FALSE,4,"1114016",10
13,15,0,FALSE,FALSE,3,"1114016",10
347,1,1,FALSE,FALSE,1,"1114016",11
339,2,1,FALSE,FALSE,2,"1114016",11
24,3,1,FALSE,FALSE,2,"1114016",11
238,4,1,FALSE,FALSE,2,"1114016",11
19,5,1,FALSE,FALSE,3,"1114016",11
503,6,2,TRUE,FALSE,3,"1114016",11
78,7,1,FALSE,FALSE,3,"1114016",11
366,8,1,FALSE,TRUE,3,"1114016",11
27,9,1,FALSE,FALSE,4,"1114016",11
321,10,1,FALSE,FALSE,4,"1114016",11
220,11,1,FALSE,FALSE,4,"1114016",11
413,12,0,FALSE,FALSE,1,"1114016",11
380,13,0,FALSE,FALSE,2,"1114016",11
295,14,0,FALSE,FALSE,2,"1114016",11
13,15,0,FALSE,FALSE,3,"1114016",11
413,1,1,FALSE,FALSE,1,"1114016",12
339,2,1,FALSE,FALSE,2,"1114016",12
238,3,1,FALSE,FALSE,2,"1114016",12
295,4,1,FALSE,FALSE,2,"1114016",12
13,5,1,FALSE,FALSE,3,"1114016",12
503,6,1,FALSE,FALSE,3,"1114016",12
19,7,1,FALSE,FALSE,3,"1114016",12
366,8,2,TRUE,FALSE,3,"1114016",12
78,9,1,FALSE,TRUE,3,"1114016",12
220,10,1,FALSE,FALSE,4,"1114016",12
27,11,1,FALSE,FALSE,4,"1114016",12
347,12,0,FALSE,FALSE,1,"1114016",12
321,13,0,FALSE,FALSE,4,"1114016",12
380,14,0,FALSE,FALSE,2,"1114016",12
24,15,0,FALSE,FALSE,2,"1114016",12
413,1,1,FALSE,FALSE,1,"1114016",13
339,2,1,FALSE,FALSE,2,"1114016",13
238,3,1,FALSE,FALSE,2,"1114016",13
380,4,1,FALSE,FALSE,2,"1114016",13
505,5,1,FALSE,FALSE,2,"1114016",13
19,6,1,FALSE,FALSE,3,"1114016",13
503,7,2,TRUE,FALSE,3,"1114016",13
366,8,1,FALSE,FALSE,3,"1114016",13
13,9,1,FALSE,TRUE,3,"1114016",13
321,10,1,FALSE,FALSE,4,"1114016",13
453,11,1,FALSE,FALSE,4,"1114016",13
347,12,0,FALSE,FALSE,1,"1114016",13
220,13,0,FALSE,FALSE,4,"1114016",13
78,14,0,FALSE,FALSE,3,"1114016",13
24,15,0,FALSE,FALSE,2,"1114016",13
413,1,1,FALSE,FALSE,1,"1114016",14
339,2,1,FALSE,FALSE,2,"1114016",14
238,3,1,FALSE,FALSE,2,"1114016",14
505,4,1,FALSE,FALSE,2,"1114016",14
78,5,1,FALSE,FALSE,3,"1114016",14
503,6,2,TRUE,FALSE,3,"1114016",14
366,7,1,FALSE,FALSE,3,"1114016",14
13,8,1,FALSE,TRUE,3,"1114016",14
220,9,1,FALSE,FALSE,4,"1114016",14
321,10,1,FALSE,FALSE,4,"1114016",14
453,11,1,FALSE,FALSE,4,"1114016",14
347,12,0,FALSE,FALSE,1,"1114016",14
19,13,0,FALSE,FALSE,3,"1114016",14
380,14,0,FALSE,FALSE,2,"1114016",14
24,15,0,FALSE,FALSE,2,"1114016",14
413,1,1,FALSE,FALSE,1,"1114016",15
380,2,1,FALSE,FALSE,2,"1114016",15
238,3,1,FALSE,FALSE,2,"1114016",15
505,4,1,FALSE,FALSE,2,"1114016",15
13,5,1,FALSE,TRUE,3,"1114016",15
503,6,2,TRUE,FALSE,3,"1114016",15
366,7,1,FALSE,FALSE,3,"1114016",15
78,8,1,FALSE,FALSE,3,"1114016",15
19,9,1,FALSE,FALSE,3,"1114016",15
220,10,1,FALSE,FALSE,4,"1114016",15
453,11,1,FALSE,FALSE,4,"1114016",15
347,12,0,FALSE,FALSE,1,"1114016",15
321,13,0,FALSE,FALSE,4,"1114016",15
339,14,0,FALSE,FALSE,2,"1114016",15
24,15,0,FALSE,FALSE,2,"1114016",15
347,1,1,FALSE,FALSE,1,"1114016",16
339,2,1,FALSE,FALSE,2,"1114016",16
238,3,1,FALSE,FALSE,2,"1114016",16
505,4,1,FALSE,FALSE,2,"1114016",16
13,5,1,FALSE,TRUE,3,"1114016",16
503,6,2,TRUE,FALSE,3,"1114016",16
19,7,1,FALSE,FALSE,3,"1114016",16
366,8,1,FALSE,FALSE,3,"1114016",16
78,9,1,FALSE,FALSE,3,"1114016",16
321,10,1,FALSE,FALSE,4,"1114016",16
220,11,1,FALSE,FALSE,4,"1114016",16
413,12,0,FALSE,FALSE,1,"1114016",16
107,13,0,FALSE,FALSE,4,"1114016",16
380,14,0,FALSE,FALSE,2,"1114016",16
24,15,0,FALSE,FALSE,2,"1114016",16
347,1,1,FALSE,FALSE,1,"1114016",17
339,2,1,FALSE,FALSE,2,"1114016",17
238,3,1,FALSE,FALSE,2,"1114016",17
380,4,1,FALSE,FALSE,2,"1114016",17
13,5,1,FALSE,TRUE,3,"1114016",17
503,6,2,TRUE,FALSE,3,"1114016",17
19,7,1,FALSE,FALSE,3,"1114016",17
366,8,1,FALSE,FALSE,3,"1114016",17
78,9,1,FALSE,FALSE,3,"1114016",17
321,10,1,FALSE,FALSE,4,"1114016",17
220,11,1,FALSE,FALSE,4,"1114016",17
413,12,0,FALSE,FALSE,1,"1114016",17
505,13,0,FALSE,FALSE,2,"1114016",17
107,14,0,FALSE,FALSE,4,"1114016",17
24,15,0,FALSE,FALSE,2,"1114016",17
358,1,1,FALSE,FALSE,1,"1114016",18
339,2,1,FALSE,FALSE,2,"1114016",18
122,3,1,FALSE,FALSE,2,"1114016",18
380,4,1,FALSE,FALSE,2,"1114016",18
505,5,1,FALSE,FALSE,2,"1114016",18
13,6,1,FALSE,TRUE,3,"1114016",18
503,7,2,TRUE,FALSE,3,"1114016",18
366,8,1,FALSE,FALSE,3,"1114016",18
78,9,1,FALSE,FALSE,3,"1114016",18
321,10,1,FALSE,FALSE,4,"1114016",18
220,11,1,FALSE,FALSE,4,"1114016",18
347,12,0,FALSE,FALSE,1,"1114016",18
19,13,0,FALSE,FALSE,3,"1114016",18
107,14,0,FALSE,FALSE,4,"1114016",18
24,15,0,FALSE,FALSE,2,"1114016",18
358,1,1,FALSE,FALSE,1,"1114016",19
339,2,1,FALSE,FALSE,2,"1114016",19
505,3,1,FALSE,FALSE,2,"1114016",19
238,4,1,FALSE,FALSE,2,"1114016",19
13,5,1,FALSE,TRUE,3,"1114016",19
503,6,2,TRUE,FALSE,3,"1114016",19
372,7,1,FALSE,FALSE,3,"1114016",19
78,8,1,FALSE,FALSE,3,"1114016",19
321,9,1,FALSE,FALSE,4,"1114016",19
220,10,1,FALSE,FALSE,4,"1114016",19
589,11,1,FALSE,FALSE,4,"1114016",19
347,12,0,FALSE,FALSE,1,"1114016",19
122,13,0,FALSE,FALSE,2,"1114016",19
366,14,0,FALSE,FALSE,3,"1114016",19
24,15,0,FALSE,FALSE,2,"1114016",19
358,1,1,FALSE,FALSE,1,"1114016",20
339,2,1,FALSE,FALSE,2,"1114016",20
238,3,1,FALSE,FALSE,2,"1114016",20
267,4,1,FALSE,FALSE,2,"1114016",20
366,5,1,FALSE,FALSE,3,"1114016",20
78,6,1,FALSE,FALSE,3,"1114016",20
503,7,1,FALSE,FALSE,3,"1114016",20
13,8,2,TRUE,FALSE,3,"1114016",20
589,9,1,FALSE,FALSE,4,"1114016",20
220,10,1,FALSE,FALSE,4,"1114016",20
321,11,1,FALSE,TRUE,4,"1114016",20
347,12,0,FALSE,FALSE,1,"1114016",20
122,13,0,FALSE,FALSE,2,"1114016",20
372,14,0,FALSE,FALSE,3,"1114016",20
24,15,0,FALSE,FALSE,2,"1114016",20
358,1,1,FALSE,FALSE,1,"1114016",21
339,2,1,FALSE,FALSE,2,"1114016",21
122,3,1,FALSE,FALSE,2,"1114016",21
238,4,1,FALSE,FALSE,2,"1114016",21
13,5,1,FALSE,FALSE,3,"1114016",21
503,6,1,FALSE,FALSE,3,"1114016",21
372,7,1,FALSE,FALSE,3,"1114016",21
366,8,2,TRUE,FALSE,3,"1114016",21
78,9,1,FALSE,FALSE,3,"1114016",21
321,10,1,FALSE,TRUE,4,"1114016",21
523,11,1,FALSE,FALSE,4,"1114016",21
347,12,0,FALSE,FALSE,1,"1114016",21
267,13,0,FALSE,FALSE,2,"1114016",21
220,14,0,FALSE,FALSE,4,"1114016",21
24,15,0,FALSE,FALSE,2,"1114016",21
15,1,1,FALSE,FALSE,1,"109884",1
313,2,1,FALSE,FALSE,2,"109884",1
6,3,1,FALSE,FALSE,2,"109884",1
594,4,1,FALSE,FALSE,2,"109884",1
199,5,1,FALSE,FALSE,3,"109884",1
99,6,1,FALSE,FALSE,3,"109884",1
366,7,1,FALSE,TRUE,3,"109884",1
550,8,1,FALSE,FALSE,3,"109884",1
28,9,1,FALSE,FALSE,3,"109884",1
401,10,2,TRUE,FALSE,4,"109884",1
447,11,1,FALSE,FALSE,4,"109884",1
568,12,0,FALSE,FALSE,1,"109884",1
497,13,0,FALSE,FALSE,4,"109884",1
211,14,0,FALSE,FALSE,2,"109884",1
341,15,0,FALSE,FALSE,2,"109884",1
15,1,1,FALSE,FALSE,1,"109884",2
211,2,1,FALSE,FALSE,2,"109884",2
355,3,1,FALSE,FALSE,2,"109884",2
594,4,1,FALSE,FALSE,2,"109884",2
199,5,1,FALSE,FALSE,3,"109884",2
99,6,1,FALSE,FALSE,3,"109884",2
366,7,1,FALSE,TRUE,3,"109884",2
28,8,1,FALSE,FALSE,3,"109884",2
497,9,1,FALSE,FALSE,4,"109884",2
401,10,2,TRUE,FALSE,4,"109884",2
447,11,1,FALSE,FALSE,4,"109884",2
568,12,0,FALSE,FALSE,1,"109884",2
550,13,0,FALSE,FALSE,3,"109884",2
313,14,0,FALSE,FALSE,2,"109884",2
6,15,0,FALSE,FALSE,2,"109884",2
15,1,1,FALSE,FALSE,1,"109884",3
6,2,1,FALSE,FALSE,2,"109884",3
211,3,1,FALSE,FALSE,2,"109884",3
355,4,1,FALSE,FALSE,2,"109884",3
199,5,1,FALSE,FALSE,3,"109884",3
99,6,1,FALSE,FALSE,3,"109884",3
366,7,1,FALSE,TRUE,3,"109884",3
28,8,1,FALSE,FALSE,3,"109884",3
321,9,1,FALSE,FALSE,4,"109884",3
447,10,1,FALSE,FALSE,4,"109884",3
401,11,2,TRUE,FALSE,4,"109884",3
568,12,0,FALSE,FALSE,1,"109884",3
571,13,0,FALSE,FALSE,3,"109884",3
594,14,0,FALSE,FALSE,2,"109884",3
313,15,0,FALSE,FALSE,2,"109884",3
15,1,1,FALSE,FALSE,1,"109884",4
594,2,1,FALSE,FALSE,2,"109884",4
355,3,1,FALSE,FALSE,2,"109884",4
211,4,1,FALSE,FALSE,2,"109884",4
199,5,1,FALSE,FALSE,3,"109884",4
99,6,1,FALSE,FALSE,3,"109884",4
366,7,1,FALSE,TRUE,3,"109884",4
392,8,1,FALSE,FALSE,3,"109884",4
571,9,1,FALSE,FALSE,3,"109884",4
401,10,2,TRUE,FALSE,4,"109884",4
447,11,1,FALSE,FALSE,4,"109884",4
568,12,0,FALSE,FALSE,1,"109884",4
321,13,0,FALSE,FALSE,4,"109884",4
6,14,0,FALSE,FALSE,2,"109884",4
313,15,0,FALSE,FALSE,2,"109884",4
15,1,1,FALSE,FALSE,1,"109884",5
422,2,1,FALSE,FALSE,2,"109884",5
211,3,1,FALSE,FALSE,2,"109884",5
594,4,1,FALSE,FALSE,2,"109884",5
199,5,1,FALSE,FALSE,3,"109884",5
99,6,1,FALSE,FALSE,3,"109884",5
366,7,1,FALSE,TRUE,3,"109884",5
571,8,1,FALSE,FALSE,3,"109884",5
392,9,1,FALSE,FALSE,3,"109884",5
447,10,1,FALSE,FALSE,4,"109884",5
401,11,2,TRUE,FALSE,4,"109884",5
568,12,0,FALSE,FALSE,1,"109884",5
321,13,0,FALSE,FALSE,4,"109884",5
355,14,0,FALSE,FALSE,2,"109884",5
6,15,0,FALSE,FALSE,2,"109884",5
15,1,1,FALSE,FALSE,1,"109884",6
422,2,1,FALSE,FALSE,2,"109884",6
6,3,1,FALSE,FALSE,2,"109884",6
355,4,1,FALSE,FALSE,2,"109884",6
594,5,1,FALSE,FALSE,2,"109884",6
199,6,1,FALSE,FALSE,3,"109884",6
99,7,2,TRUE,FALSE,3,"109884",6
366,8,1,FALSE,FALSE,3,"109884",6
571,9,1,FALSE,FALSE,3,"109884",6
392,10,1,FALSE,FALSE,3,"109884",6
447,11,1,FALSE,TRUE,4,"109884",6
568,12,0,FALSE,FALSE,1,"109884",6
401,13,0,FALSE,FALSE,4,"109884",6
321,14,0,FALSE,FALSE,4,"109884",6
211,15,0,FALSE,FALSE,2,"109884",6
15,1,1,FALSE,FALSE,1,"109884",7
422,2,1,FALSE,FALSE,2,"109884",7
594,3,1,FALSE,FALSE,2,"109884",7
355,4,1,FALSE,FALSE,2,"109884",7
211,5,1,FALSE,FALSE,2,"109884",7
199,6,1,FALSE,FALSE,3,"109884",7
99,7,2,TRUE,FALSE,3,"109884",7
177,8,1,FALSE,FALSE,3,"109884",7
392,9,1,FALSE,FALSE,3,"109884",7
268,10,1,FALSE,FALSE,4,"109884",7
447,11,1,FALSE,FALSE,4,"109884",7
568,12,0,FALSE,FALSE,1,"109884",7
401,13,0,FALSE,FALSE,4,"109884",7
6,14,0,FALSE,FALSE,2,"109884",7
571,15,0,FALSE,TRUE,3,"109884",7
15,1,1,FALSE,FALSE,1,"109884",8
422,2,1,FALSE,FALSE,2,"109884",8
594,3,1,FALSE,FALSE,2,"109884",8
355,4,1,FALSE,FALSE,2,"109884",8
99,5,2,TRUE,FALSE,3,"109884",8
177,6,1,FALSE,FALSE,3,"109884",8
571,7,1,FALSE,FALSE,3,"109884",8
392,8,1,FALSE,FALSE,3,"109884",8
268,9,1,FALSE,FALSE,4,"109884",8
447,10,1,FALSE,FALSE,4,"109884",8
401,11,1,FALSE,TRUE,4,"109884",8
568,12,0,FALSE,FALSE,1,"109884",8
199,13,0,FALSE,FALSE,3,"109884",8
6,14,0,FALSE,FALSE,2,"109884",8
211,15,0,FALSE,FALSE,2,"109884",8
15,1,1,FALSE,FALSE,1,"109884",9
355,2,1,FALSE,FALSE,2,"109884",9
422,3,1,FALSE,FALSE,2,"109884",9
594,4,1,FALSE,FALSE,2,"109884",9
571,5,1,FALSE,FALSE,3,"109884",9
99,6,2,TRUE,FALSE,3,"109884",9
177,7,1,FALSE,FALSE,3,"109884",9
199,8,1,FALSE,FALSE,3,"109884",9
401,9,1,FALSE,TRUE,4,"109884",9
268,10,1,FALSE,FALSE,4,"109884",9
447,11,1,FALSE,FALSE,4,"109884",9
568,12,0,FALSE,FALSE,1,"109884",9
392,13,0,FALSE,FALSE,3,"109884",9
236,14,0,FALSE,FALSE,2,"109884",9
6,15,0,FALSE,FALSE,2,"109884",9
15,1,1,FALSE,FALSE,1,"109884",10
355,2,1,FALSE,FALSE,2,"109884",10
422,3,1,FALSE,FALSE,2,"109884",10
236,4,1,FALSE,FALSE,2,"109884",10
356,5,1,FALSE,FALSE,3,"109884",10
99,6,2,TRUE,FALSE,3,"109884",10
177,7,1,FALSE,FALSE,3,"109884",10
117,8,1,FALSE,FALSE,3,"109884",10
401,9,1,FALSE,FALSE,4,"109884",10
268,10,1,FALSE,FALSE,4,"109884",10
447,11,1,FALSE,TRUE,4,"109884",10
568,12,0,FALSE,FALSE,1,"109884",10
571,13,0,FALSE,FALSE,3,"109884",10
594,14,0,FALSE,FALSE,2,"109884",10
6,15,0,FALSE,FALSE,2,"109884",10
15,1,1,FALSE,FALSE,1,"109884",11
355,2,1,FALSE,FALSE,2,"109884",11
422,3,1,FALSE,FALSE,2,"109884",11
236,4,1,FALSE,FALSE,2,"109884",11
356,5,1,FALSE,FALSE,3,"109884",11
99,6,2,TRUE,FALSE,3,"109884",11
177,7,1,FALSE,FALSE,3,"109884",11
571,8,1,FALSE,FALSE,3,"109884",11
401,9,1,FALSE,FALSE,4,"109884",11
268,10,1,FALSE,FALSE,4,"109884",11
447,11,1,FALSE,TRUE,4,"109884",11
568,12,0,FALSE,FALSE,1,"109884",11
594,13,0,FALSE,FALSE,2,"109884",11
117,14,0,FALSE,FALSE,3,"109884",11
6,15,0,FALSE,FALSE,2,"109884",11
15,1,1,FALSE,FALSE,1,"109884",12
6,2,1,FALSE,FALSE,2,"109884",12
355,3,1,FALSE,FALSE,2,"109884",12
594,4,1,FALSE,FALSE,2,"109884",12
230,5,1,FALSE,FALSE,3,"109884",12
99,6,2,TRUE,FALSE,3,"109884",12
177,7,1,FALSE,FALSE,3,"109884",12
571,8,1,FALSE,FALSE,3,"109884",12
268,9,1,FALSE,FALSE,4,"109884",12
447,10,1,FALSE,FALSE,4,"109884",12
401,11,1,FALSE,TRUE,4,"109884",12
568,12,0,FALSE,FALSE,1,"109884",12
560,13,0,FALSE,FALSE,3,"109884",12
236,14,0,FALSE,FALSE,2,"109884",12
422,15,0,FALSE,FALSE,2,"109884",12
15,1,1,FALSE,FALSE,1,"109884",13
355,2,1,FALSE,FALSE,2,"109884",13
6,3,1,FALSE,FALSE,2,"109884",13
594,4,1,FALSE,FALSE,2,"109884",13
560,5,1,FALSE,FALSE,3,"109884",13
99,6,2,TRUE,FALSE,3,"109884",13
177,7,1,FALSE,FALSE,3,"109884",13
571,8,1,FALSE,FALSE,3,"109884",13
401,9,1,FALSE,TRUE,4,"109884",13
268,10,1,FALSE,FALSE,4,"109884",13
447,11,1,FALSE,FALSE,4,"109884",13
568,12,0,FALSE,FALSE,1,"109884",13
230,13,0,FALSE,FALSE,3,"109884",13
236,14,0,FALSE,FALSE,2,"109884",13
422,15,0,FALSE,FALSE,2,"109884",13
15,1,1,FALSE,FALSE,1,"109884",14
6,2,1,FALSE,FALSE,2,"109884",14
236,3,1,FALSE,FALSE,2,"109884",14
594,4,1,FALSE,FALSE,2,"109884",14
230,5,1,FALSE,FALSE,3,"109884",14
99,6,2,TRUE,FALSE,3,"109884",14
177,7,1,FALSE,FALSE,3,"109884",14
571,8,1,FALSE,FALSE,3,"109884",14
268,9,1,FALSE,FALSE,4,"109884",14
447,10,1,FALSE,FALSE,4,"109884",14
401,11,1,FALSE,TRUE,4,"109884",14
568,12,0,FALSE,FALSE,1,"109884",14
560,13,0,FALSE,FALSE,3,"109884",14
355,14,0,FALSE,FALSE,2,"109884",14
422,15,0,FALSE,FALSE,2,"109884",14
15,1,1,FALSE,FALSE,1,"109884",15
163,2,1,FALSE,FALSE,2,"109884",15
6,3,1,FALSE,FALSE,2,"109884",15
594,4,1,FALSE,FALSE,2,"109884",15
560,5,1,FALSE,FALSE,3,"109884",15
99,6,2,TRUE,FALSE,3,"109884",15
177,7,1,FALSE,FALSE,3,"109884",15
635,8,1,FALSE,FALSE,3,"109884",15
401,9,1,FALSE,TRUE,4,"109884",15
268,10,1,FALSE,FALSE,4,"109884",15
447,11,1,FALSE,FALSE,4,"109884",15
568,12,0,FALSE,FALSE,1,"109884",15
230,13,0,FALSE,FALSE,3,"109884",15
236,14,0,FALSE,FALSE,2,"109884",15
422,15,0,FALSE,FALSE,2,"109884",15
15,1,1,FALSE,FALSE,1,"109884",16
163,2,1,FALSE,FALSE,2,"109884",16
6,3,1,FALSE,FALSE,2,"109884",16
422,4,1,FALSE,FALSE,2,"109884",16
168,5,1,FALSE,FALSE,3,"109884",16
99,6,1,FALSE,TRUE,3,"109884",16
177,7,1,FALSE,FALSE,3,"109884",16
635,8,1,FALSE,FALSE,3,"109884",16
401,9,2,TRUE,FALSE,4,"109884",16
268,10,1,FALSE,FALSE,4,"109884",16
447,11,1,FALSE,FALSE,4,"109884",16
568,12,0,FALSE,FALSE,1,"109884",16
230,13,0,FALSE,FALSE,3,"109884",16
594,14,0,FALSE,FALSE,2,"109884",16
236,15,0,FALSE,FALSE,2,"109884",16
15,1,1,FALSE,FALSE,1,"109884",17
594,2,1,FALSE,FALSE,2,"109884",17
6,3,1,FALSE,FALSE,2,"109884",17
422,4,1,FALSE,FALSE,2,"109884",17
168,5,1,FALSE,FALSE,3,"109884",17
99,6,1,FALSE,TRUE,3,"109884",17
177,7,1,FALSE,FALSE,3,"109884",17
635,8,1,FALSE,FALSE,3,"109884",17
433,9,1,FALSE,FALSE,3,"109884",17
401,10,2,TRUE,FALSE,4,"109884",17
447,11,1,FALSE,FALSE,4,"109884",17
568,12,0,FALSE,FALSE,1,"109884",17
268,13,0,FALSE,FALSE,4,"109884",17
163,14,0,FALSE,FALSE,2,"109884",17
236,15,0,FALSE,FALSE,2,"109884",17
15,1,1,FALSE,FALSE,1,"109884",18
422,2,1,FALSE,FALSE,2,"109884",18
6,3,1,FALSE,FALSE,2,"109884",18
163,4,1,FALSE,FALSE,2,"109884",18
236,5,1,FALSE,FALSE,2,"109884",18
168,6,1,FALSE,FALSE,3,"109884",18
99,7,1,FALSE,TRUE,3,"109884",18
635,8,1,FALSE,FALSE,3,"109884",18
433,9,1,FALSE,FALSE,3,"109884",18
447,10,1,FALSE,FALSE,4,"109884",18
401,11,2,TRUE,FALSE,4,"109884",18
568,12,0,FALSE,FALSE,1,"109884",18
177,13,0,FALSE,FALSE,3,"109884",18
268,14,0,FALSE,FALSE,4,"109884",18
594,15,0,FALSE,FALSE,2,"109884",18
15,1,1,FALSE,FALSE,1,"109884",19
163,2,1,FALSE,FALSE,2,"109884",19
6,3,1,FALSE,FALSE,2,"109884",19
422,4,1,FALSE,FALSE,2,"109884",19
168,5,1,FALSE,FALSE,3,"109884",19
99,6,1,FALSE,TRUE,3,"109884",19
177,7,1,FALSE,FALSE,3,"109884",19
329,8,1,FALSE,FALSE,3,"109884",19
433,9,1,FALSE,FALSE,3,"109884",19
401,10,2,TRUE,FALSE,4,"109884",19
447,11,1,FALSE,FALSE,4,"109884",19
568,12,0,FALSE,FALSE,1,"109884",19
236,13,0,FALSE,FALSE,2,"109884",19
268,14,0,FALSE,FALSE,4,"109884",19
594,15,0,FALSE,FALSE,2,"109884",19
15,1,1,FALSE,FALSE,1,"109884",20
163,2,1,FALSE,FALSE,2,"109884",20
580,3,1,FALSE,FALSE,2,"109884",20
422,4,1,FALSE,FALSE,2,"109884",20
168,5,1,FALSE,FALSE,3,"109884",20
99,6,1,FALSE,TRUE,3,"109884",20
329,7,1,FALSE,FALSE,3,"109884",20
433,8,1,FALSE,FALSE,3,"109884",20
268,9,1,FALSE,FALSE,4,"109884",20
401,10,2,TRUE,FALSE,4,"109884",20
447,11,1,FALSE,FALSE,4,"109884",20
568,12,0,FALSE,FALSE,1,"109884",20
177,13,0,FALSE,FALSE,3,"109884",20
236,14,0,FALSE,FALSE,2,"109884",20
6,15,0,FALSE,FALSE,2,"109884",20
15,1,1,FALSE,FALSE,1,"109884",21
163,2,1,FALSE,FALSE,2,"109884",21
580,3,1,FALSE,FALSE,2,"109884",21
422,4,1,FALSE,FALSE,2,"109884",21
168,5,1,FALSE,FALSE,3,"109884",21
99,6,1,FALSE,TRUE,3,"109884",21
329,7,1,FALSE,FALSE,3,"109884",21
433,8,1,FALSE,FALSE,3,"109884",21
268,9,1,FALSE,FALSE,4,"109884",21
401,10,2,TRUE,FALSE,4,"109884",21
447,11,1,FALSE,FALSE,4,"109884",21
568,12,0,FALSE,FALSE,1,"109884",21
177,13,0,FALSE,FALSE,3,"109884",21
236,14,0,FALSE,FALSE,2,"109884",21
6,15,0,FALSE,FALSE,2,"109884",21
508,1,1,FALSE,FALSE,1,"6188948",1
361,2,1,FALSE,FALSE,2,"6188948",1
236,3,1,FALSE,FALSE,2,"6188948",1
506,4,1,FALSE,FALSE,2,"6188948",1
348,5,1,FALSE,FALSE,3,"6188948",1
327,6,2,FALSE,TRUE,3,"6188948",1
385,7,1,FALSE,FALSE,3,"6188948",1
531,8,1,FALSE,FALSE,3,"6188948",1
342,9,1,FALSE,FALSE,3,"6188948",1
82,10,1,FALSE,FALSE,4,"6188948",1
110,11,1,FALSE,FALSE,4,"6188948",1
183,12,0,FALSE,FALSE,1,"6188948",1
316,13,0,TRUE,FALSE,4,"6188948",1
36,14,0,FALSE,FALSE,2,"6188948",1
219,15,0,FALSE,FALSE,2,"6188948",1
508,1,1,FALSE,FALSE,1,"6188948",2
361,2,1,FALSE,FALSE,2,"6188948",2
36,3,1,FALSE,FALSE,2,"6188948",2
506,4,1,FALSE,FALSE,2,"6188948",2
236,5,1,FALSE,FALSE,2,"6188948",2
327,6,2,FALSE,TRUE,3,"6188948",2
385,7,1,FALSE,FALSE,3,"6188948",2
342,8,1,FALSE,FALSE,3,"6188948",2
531,9,1,FALSE,FALSE,3,"6188948",2
316,10,1,FALSE,FALSE,4,"6188948",2
110,11,1,FALSE,FALSE,4,"6188948",2
183,12,0,FALSE,FALSE,1,"6188948",2
82,13,0,FALSE,FALSE,4,"6188948",2
348,14,0,TRUE,FALSE,3,"6188948",2
219,15,0,FALSE,FALSE,2,"6188948",2
508,1,1,FALSE,FALSE,1,"6188948",3
236,2,1,FALSE,FALSE,2,"6188948",3
36,3,1,FALSE,FALSE,2,"6188948",3
361,4,1,FALSE,FALSE,2,"6188948",3
86,5,1,FALSE,FALSE,2,"6188948",3
342,6,1,FALSE,FALSE,3,"6188948",3
531,7,1,FALSE,TRUE,3,"6188948",3
23,8,1,FALSE,FALSE,3,"6188948",3
327,9,1,FALSE,FALSE,3,"6188948",3
110,10,2,TRUE,FALSE,4,"6188948",3
316,11,1,FALSE,FALSE,4,"6188948",3
183,12,0,FALSE,FALSE,1,"6188948",3
348,13,0,FALSE,FALSE,3,"6188948",3
506,14,0,FALSE,FALSE,2,"6188948",3
82,15,0,FALSE,FALSE,4,"6188948",3
508,1,1,FALSE,FALSE,1,"6188948",4
361,2,1,FALSE,FALSE,2,"6188948",4
120,3,1,FALSE,FALSE,2,"6188948",4
36,4,1,FALSE,FALSE,2,"6188948",4
327,5,2,TRUE,FALSE,3,"6188948",4
23,6,1,FALSE,FALSE,3,"6188948",4
342,7,1,FALSE,FALSE,3,"6188948",4
531,8,1,FALSE,FALSE,3,"6188948",4
110,9,1,FALSE,FALSE,4,"6188948",4
316,10,1,FALSE,TRUE,4,"6188948",4
82,11,1,FALSE,FALSE,4,"6188948",4
183,12,0,FALSE,FALSE,1,"6188948",4
348,13,0,FALSE,FALSE,3,"6188948",4
506,14,0,FALSE,FALSE,2,"6188948",4
86,15,0,FALSE,FALSE,2,"6188948",4
508,1,1,FALSE,FALSE,1,"6188948",5
120,2,1,FALSE,FALSE,2,"6188948",5
36,3,1,FALSE,FALSE,2,"6188948",5
361,4,1,FALSE,FALSE,2,"6188948",5
506,5,1,FALSE,FALSE,2,"6188948",5
342,6,1,FALSE,FALSE,3,"6188948",5
327,7,2,TRUE,FALSE,3,"6188948",5
348,8,1,FALSE,FALSE,3,"6188948",5
252,9,1,FALSE,FALSE,4,"6188948",5
82,10,1,FALSE,FALSE,4,"6188948",5
316,11,1,FALSE,TRUE,4,"6188948",5
183,12,0,FALSE,FALSE,1,"6188948",5
531,13,0,FALSE,FALSE,3,"6188948",5
23,14,0,FALSE,FALSE,3,"6188948",5
86,15,0,FALSE,FALSE,2,"6188948",5
152,1,1,FALSE,FALSE,1,"6188948",6
361,2,1,FALSE,FALSE,2,"6188948",6
86,3,1,FALSE,FALSE,2,"6188948",6
36,4,1,FALSE,FALSE,2,"6188948",6
348,5,1,FALSE,FALSE,3,"6188948",6
327,6,2,TRUE,FALSE,3,"6188948",6
23,7,1,FALSE,FALSE,3,"6188948",6
342,8,1,FALSE,FALSE,3,"6188948",6
531,9,1,FALSE,FALSE,3,"6188948",6
82,10,1,FALSE,FALSE,4,"6188948",6
252,11,1,FALSE,FALSE,4,"6188948",6
508,12,0,FALSE,FALSE,1,"6188948",6
316,13,0,FALSE,TRUE,4,"6188948",6
120,14,0,FALSE,FALSE,2,"6188948",6
506,15,0,FALSE,FALSE,2,"6188948",6
152,1,1,FALSE,FALSE,1,"6188948",7
361,2,1,FALSE,FALSE,2,"6188948",7
86,3,1,FALSE,FALSE,2,"6188948",7
506,4,1,FALSE,FALSE,2,"6188948",7
348,5,1,FALSE,FALSE,3,"6188948",7
327,6,2,TRUE,FALSE,3,"6188948",7
23,7,1,FALSE,TRUE,3,"6188948",7
342,8,1,FALSE,FALSE,3,"6188948",7
531,9,1,FALSE,FALSE,3,"6188948",7
82,10,1,FALSE,FALSE,4,"6188948",7
252,11,1,FALSE,FALSE,4,"6188948",7
508,12,0,FALSE,FALSE,1,"6188948",7
316,13,0,FALSE,FALSE,4,"6188948",7
120,14,0,FALSE,FALSE,2,"6188948",7
36,15,0,FALSE,FALSE,2,"6188948",7
508,1,1,FALSE,FALSE,1,"6188948",8
506,2,1,FALSE,FALSE,2,"6188948",8
361,3,1,FALSE,FALSE,2,"6188948",8
36,4,1,FALSE,FALSE,2,"6188948",8
342,5,1,FALSE,FALSE,3,"6188948",8
327,6,1,FALSE,FALSE,3,"6188948",8
348,7,1,FALSE,FALSE,3,"6188948",8
23,8,1,FALSE,TRUE,3,"6188948",8
82,9,2,TRUE,FALSE,4,"6188948",8
252,10,1,FALSE,FALSE,4,"6188948",8
316,11,1,FALSE,FALSE,4,"6188948",8
152,12,0,FALSE,FALSE,1,"6188948",8
531,13,0,FALSE,FALSE,3,"6188948",8
86,14,0,FALSE,FALSE,2,"6188948",8
120,15,0,FALSE,FALSE,2,"6188948",8
508,1,1,FALSE,FALSE,1,"6188948",9
361,2,1,FALSE,FALSE,2,"6188948",9
506,3,1,FALSE,FALSE,2,"6188948",9
36,4,1,FALSE,FALSE,2,"6188948",9
23,5,1,FALSE,FALSE,3,"6188948",9
348,6,2,TRUE,FALSE,3,"6188948",9
327,7,1,FALSE,FALSE,3,"6188948",9
342,8,1,FALSE,TRUE,3,"6188948",9
316,9,1,FALSE,FALSE,4,"6188948",9
82,10,1,FALSE,FALSE,4,"6188948",9
252,11,1,FALSE,FALSE,4,"6188948",9
152,12,0,FALSE,FALSE,1,"6188948",9
531,13,0,FALSE,FALSE,3,"6188948",9
86,14,0,FALSE,FALSE,2,"6188948",9
120,15,0,FALSE,FALSE,2,"6188948",9
508,1,1,FALSE,FALSE,1,"6188948",10
36,2,1,FALSE,FALSE,2,"6188948",10
228,3,1,FALSE,FALSE,2,"6188948",10
26,4,1,FALSE,FALSE,2,"6188948",10
348,5,2,TRUE,FALSE,3,"6188948",10
327,6,1,FALSE,TRUE,3,"6188948",10
23,7,1,FALSE,FALSE,3,"6188948",10
342,8,1,FALSE,FALSE,3,"6188948",10
316,9,1,FALSE,FALSE,4,"6188948",10
82,10,1,FALSE,FALSE,4,"6188948",10
252,11,1,FALSE,FALSE,4,"6188948",10
152,12,0,FALSE,FALSE,1,"6188948",10
506,13,0,FALSE,FALSE,2,"6188948",10
362,14,0,FALSE,FALSE,2,"6188948",10
531,15,0,FALSE,FALSE,3,"6188948",10
508,1,1,FALSE,FALSE,1,"6188948",11
26,2,1,FALSE,FALSE,2,"6188948",11
542,3,1,FALSE,FALSE,2,"6188948",11
559,4,1,FALSE,FALSE,2,"6188948",11
23,5,1,FALSE,FALSE,3,"6188948",11
342,6,1,FALSE,FALSE,3,"6188948",11
327,7,1,FALSE,TRUE,3,"6188948",11
348,8,1,FALSE,FALSE,3,"6188948",11
82,9,2,TRUE,FALSE,4,"6188948",11
252,10,1,FALSE,FALSE,4,"6188948",11
316,11,1,FALSE,FALSE,4,"6188948",11
152,12,0,FALSE,FALSE,1,"6188948",11
531,13,0,FALSE,FALSE,3,"6188948",11
362,14,0,FALSE,FALSE,2,"6188948",11
506,15,0,FALSE,FALSE,2,"6188948",11
152,1,1,FALSE,FALSE,1,"6188948",12
559,2,1,FALSE,FALSE,2,"6188948",12
313,3,1,FALSE,FALSE,2,"6188948",12
362,4,1,FALSE,FALSE,2,"6188948",12
348,5,1,FALSE,FALSE,3,"6188948",12
327,6,2,TRUE,FALSE,3,"6188948",12
23,7,1,FALSE,FALSE,3,"6188948",12
342,8,1,FALSE,FALSE,3,"6188948",12
316,9,1,FALSE,TRUE,4,"6188948",12
82,10,1,FALSE,FALSE,4,"6188948",12
252,11,1,FALSE,FALSE,4,"6188948",12
508,12,0,FALSE,FALSE,1,"6188948",12
531,13,0,FALSE,FALSE,3,"6188948",12
542,14,0,FALSE,FALSE,2,"6188948",12
506,15,0,FALSE,FALSE,2,"6188948",12
152,1,1,FALSE,FALSE,1,"6188948",13
559,2,1,FALSE,FALSE,2,"6188948",13
144,3,1,FALSE,FALSE,2,"6188948",13
542,4,1,FALSE,FALSE,2,"6188948",13
348,5,1,FALSE,FALSE,3,"6188948",13
327,6,1,FALSE,FALSE,3,"6188948",13
23,7,1,FALSE,FALSE,3,"6188948",13
342,8,1,FALSE,FALSE,3,"6188948",13
316,9,2,FALSE,TRUE,4,"6188948",13
82,10,1,TRUE,FALSE,4,"6188948",13
252,11,1,FALSE,FALSE,4,"6188948",13
508,12,0,FALSE,FALSE,1,"6188948",13
531,13,0,FALSE,FALSE,3,"6188948",13
362,14,0,FALSE,FALSE,2,"6188948",13
506,15,0,FALSE,FALSE,2,"6188948",13
152,1,1,FALSE,FALSE,1,"6188948",14
361,2,1,FALSE,FALSE,2,"6188948",14
144,3,1,FALSE,FALSE,2,"6188948",14
542,4,1,FALSE,FALSE,2,"6188948",14
348,5,1,TRUE,FALSE,3,"6188948",14
327,6,1,FALSE,FALSE,3,"6188948",14
23,7,1,FALSE,FALSE,3,"6188948",14
342,8,1,FALSE,FALSE,3,"6188948",14
316,9,2,FALSE,TRUE,4,"6188948",14
82,10,1,FALSE,FALSE,4,"6188948",14
252,11,1,FALSE,FALSE,4,"6188948",14
508,12,0,FALSE,FALSE,1,"6188948",14
531,13,0,FALSE,FALSE,3,"6188948",14
559,14,0,FALSE,FALSE,2,"6188948",14
506,15,0,FALSE,FALSE,2,"6188948",14
47,1,1,FALSE,FALSE,1,"6188948",15
52,2,1,FALSE,FALSE,2,"6188948",15
361,3,1,FALSE,FALSE,2,"6188948",15
32,4,1,FALSE,FALSE,2,"6188948",15
559,5,1,FALSE,FALSE,2,"6188948",15
23,6,1,FALSE,FALSE,3,"6188948",15
346,7,1,FALSE,FALSE,3,"6188948",15
366,8,1,FALSE,TRUE,3,"6188948",15
17,9,1,FALSE,FALSE,3,"6188948",15
82,10,1,FALSE,FALSE,4,"6188948",15
351,11,2,TRUE,FALSE,4,"6188948",15
155,12,0,FALSE,FALSE,1,"6188948",15
316,13,0,FALSE,FALSE,4,"6188948",15
547,14,0,FALSE,FALSE,3,"6188948",15
475,15,0,FALSE,FALSE,2,"6188948",15
152,1,1,FALSE,FALSE,1,"6188948",16
144,2,1,FALSE,FALSE,2,"6188948",16
361,3,1,FALSE,FALSE,2,"6188948",16
559,4,1,FALSE,FALSE,2,"6188948",16
23,5,1,FALSE,FALSE,3,"6188948",16
342,6,1,FALSE,FALSE,3,"6188948",16
327,7,2,TRUE,FALSE,3,"6188948",16
348,8,1,FALSE,FALSE,3,"6188948",16
252,9,1,FALSE,FALSE,4,"6188948",16
82,10,1,FALSE,FALSE,4,"6188948",16
316,11,1,FALSE,TRUE,4,"6188948",16
508,12,0,FALSE,FALSE,1,"6188948",16
560,13,0,FALSE,FALSE,3,"6188948",16
542,14,0,FALSE,FALSE,2,"6188948",16
506,15,0,FALSE,FALSE,2,"6188948",16
396,1,1,FALSE,FALSE,1,"6188948",17
245,2,1,FALSE,FALSE,2,"6188948",17
395,3,1,FALSE,FALSE,2,"6188948",17
377,4,1,FALSE,FALSE,2,"6188948",17
23,5,1,FALSE,FALSE,3,"6188948",17
342,6,1,FALSE,FALSE,3,"6188948",17
327,7,1,FALSE,TRUE,3,"6188948",17
348,8,1,FALSE,FALSE,3,"6188948",17
560,9,1,FALSE,FALSE,3,"6188948",17
252,10,2,TRUE,FALSE,4,"6188948",17
82,11,1,FALSE,FALSE,4,"6188948",17
152,12,0,FALSE,FALSE,1,"6188948",17
316,13,0,FALSE,FALSE,4,"6188948",17
361,14,0,FALSE,FALSE,2,"6188948",17
506,15,0,FALSE,FALSE,2,"6188948",17
152,1,1,FALSE,FALSE,1,"6188948",18
377,2,1,FALSE,FALSE,2,"6188948",18
245,3,1,FALSE,FALSE,2,"6188948",18
395,4,1,FALSE,FALSE,2,"6188948",18
348,5,1,FALSE,FALSE,3,"6188948",18
23,6,1,FALSE,FALSE,3,"6188948",18
342,7,1,FALSE,FALSE,3,"6188948",18
560,8,1,FALSE,FALSE,3,"6188948",18
252,9,1,FALSE,FALSE,4,"6188948",18
2,10,2,TRUE,FALSE,4,"6188948",18
82,11,1,FALSE,FALSE,4,"6188948",18
396,12,0,FALSE,FALSE,1,"6188948",18
327,13,0,FALSE,TRUE,3,"6188948",18
361,14,0,FALSE,FALSE,2,"6188948",18
506,15,0,FALSE,FALSE,2,"6188948",18
396,1,1,FALSE,FALSE,1,"6188948",19
245,2,1,FALSE,FALSE,2,"6188948",19
650,3,1,FALSE,FALSE,2,"6188948",19
377,4,1,FALSE,FALSE,2,"6188948",19
23,5,1,FALSE,FALSE,3,"6188948",19
342,6,1,FALSE,FALSE,3,"6188948",19
327,7,1,FALSE,TRUE,3,"6188948",19
348,8,2,TRUE,FALSE,3,"6188948",19
252,9,1,FALSE,FALSE,4,"6188948",19
2,10,1,FALSE,FALSE,4,"6188948",19
82,11,1,FALSE,FALSE,4,"6188948",19
152,12,0,FALSE,FALSE,1,"6188948",19
560,13,0,FALSE,FALSE,3,"6188948",19
361,14,0,FALSE,FALSE,2,"6188948",19
506,15,0,FALSE,FALSE,2,"6188948",19
396,1,1,FALSE,FALSE,1,"6188948",20
219,2,1,FALSE,FALSE,2,"6188948",20
245,3,1,FALSE,FALSE,2,"6188948",20
650,4,1,FALSE,FALSE,2,"6188948",20
348,5,1,FALSE,TRUE,3,"6188948",20
327,6,2,TRUE,FALSE,3,"6188948",20
23,7,1,FALSE,FALSE,3,"6188948",20
342,8,1,FALSE,FALSE,3,"6188948",20
2,9,1,FALSE,FALSE,4,"6188948",20
82,10,1,FALSE,FALSE,4,"6188948",20
252,11,1,FALSE,FALSE,4,"6188948",20
152,12,0,FALSE,FALSE,1,"6188948",20
560,13,0,FALSE,FALSE,3,"6188948",20
361,14,0,FALSE,FALSE,2,"6188948",20
506,15,0,FALSE,FALSE,2,"6188948",20
396,1,1,FALSE,FALSE,1,"6188948",21
380,2,1,FALSE,FALSE,2,"6188948",21
650,3,1,FALSE,FALSE,2,"6188948",21
219,4,1,FALSE,FALSE,2,"6188948",21
560,5,1,FALSE,FALSE,3,"6188948",21
342,6,1,FALSE,FALSE,3,"6188948",21
327,7,1,FALSE,TRUE,3,"6188948",21
348,8,2,TRUE,FALSE,3,"6188948",21
23,9,1,FALSE,FALSE,3,"6188948",21
252,10,1,FALSE,FALSE,4,"6188948",21
82,11,1,FALSE,FALSE,4,"6188948",21
152,12,0,FALSE,FALSE,1,"6188948",21
2,13,0,FALSE,FALSE,4,"6188948",21
361,14,0,FALSE,FALSE,2,"6188948",21
506,15,0,FALSE,FALSE,2,"6188948",21
235,1,1,FALSE,FALSE,1,"1123161",1
191,2,1,FALSE,FALSE,2,"1123161",1
505,3,1,FALSE,FALSE,2,"1123161",1
335,4,1,FALSE,FALSE,2,"1123161",1
433,5,1,FALSE,FALSE,3,"1123161",1
23,6,1,FALSE,FALSE,3,"1123161",1
345,7,1,FALSE,TRUE,3,"1123161",1
17,8,2,TRUE,FALSE,3,"1123161",1
2,9,1,FALSE,FALSE,4,"1123161",1
321,10,1,FALSE,FALSE,4,"1123161",1
180,11,1,FALSE,FALSE,4,"1123161",1
554,12,0,FALSE,FALSE,1,"1123161",1
527,13,0,FALSE,FALSE,3,"1123161",1
380,14,0,FALSE,FALSE,2,"1123161",1
267,15,0,FALSE,FALSE,2,"1123161",1
554,1,1,FALSE,FALSE,1,"1123161",2
505,2,1,FALSE,FALSE,2,"1123161",2
267,3,1,FALSE,FALSE,2,"1123161",2
335,4,1,FALSE,FALSE,2,"1123161",2
9,5,1,FALSE,FALSE,3,"1123161",2
345,6,1,FALSE,TRUE,3,"1123161",2
17,7,2,TRUE,FALSE,3,"1123161",2
527,8,1,FALSE,FALSE,3,"1123161",2
433,9,1,FALSE,FALSE,3,"1123161",2
617,10,1,FALSE,FALSE,4,"1123161",2
180,11,1,FALSE,FALSE,4,"1123161",2
235,12,0,FALSE,FALSE,1,"1123161",2
191,13,0,FALSE,FALSE,2,"1123161",2
321,14,0,FALSE,FALSE,4,"1123161",2
341,15,0,FALSE,FALSE,2,"1123161",2
235,1,1,FALSE,FALSE,1,"1123161",3
341,2,1,FALSE,FALSE,2,"1123161",3
335,3,1,FALSE,FALSE,2,"1123161",3
267,4,1,FALSE,FALSE,2,"1123161",3
9,5,1,FALSE,FALSE,3,"1123161",3
345,6,1,FALSE,FALSE,3,"1123161",3
17,7,2,TRUE,FALSE,3,"1123161",3
433,8,1,FALSE,FALSE,3,"1123161",3
148,9,1,FALSE,FALSE,4,"1123161",3
617,10,1,FALSE,FALSE,4,"1123161",3
180,11,1,FALSE,TRUE,4,"1123161",3
142,12,0,FALSE,FALSE,1,"1123161",3
191,13,0,FALSE,FALSE,2,"1123161",3
505,14,0,FALSE,FALSE,2,"1123161",3
527,15,0,FALSE,FALSE,3,"1123161",3
146,1,1,FALSE,FALSE,1,"1123161",4
395,2,1,FALSE,FALSE,2,"1123161",4
191,3,1,FALSE,FALSE,2,"1123161",4
335,4,1,FALSE,FALSE,2,"1123161",4
135,5,1,FALSE,FALSE,3,"1123161",4
433,6,1,FALSE,FALSE,3,"1123161",4
345,7,2,TRUE,FALSE,3,"1123161",4
17,8,1,FALSE,TRUE,3,"1123161",4
148,9,1,FALSE,FALSE,4,"1123161",4
617,10,1,FALSE,FALSE,4,"1123161",4
180,11,1,FALSE,FALSE,4,"1123161",4
235,12,0,FALSE,FALSE,1,"1123161",4
527,13,0,FALSE,FALSE,3,"1123161",4
267,14,0,FALSE,FALSE,2,"1123161",4
505,15,0,FALSE,FALSE,2,"1123161",4
146,1,1,FALSE,FALSE,1,"1123161",5
267,2,1,FALSE,FALSE,2,"1123161",5
395,3,1,FALSE,FALSE,2,"1123161",5
335,4,1,FALSE,FALSE,2,"1123161",5
191,5,1,FALSE,FALSE,2,"1123161",5
135,6,1,FALSE,FALSE,3,"1123161",5
17,7,1,FALSE,TRUE,3,"1123161",5
230,8,1,FALSE,FALSE,3,"1123161",5
433,9,1,FALSE,FALSE,3,"1123161",5
148,10,1,FALSE,FALSE,4,"1123161",5
180,11,2,TRUE,FALSE,4,"1123161",5
235,12,0,FALSE,FALSE,1,"1123161",5
345,13,0,FALSE,FALSE,3,"1123161",5
617,14,0,FALSE,FALSE,4,"1123161",5
505,15,0,FALSE,FALSE,2,"1123161",5
146,1,1,FALSE,FALSE,1,"1123161",6
191,2,1,FALSE,FALSE,2,"1123161",6
267,3,1,FALSE,FALSE,2,"1123161",6
335,4,1,FALSE,FALSE,2,"1123161",6
505,5,1,FALSE,FALSE,2,"1123161",6
83,6,1,FALSE,FALSE,3,"1123161",6
17,7,2,TRUE,FALSE,3,"1123161",6
230,8,1,FALSE,FALSE,3,"1123161",6
617,9,1,FALSE,FALSE,4,"1123161",6
148,10,1,FALSE,FALSE,4,"1123161",6
180,11,1,FALSE,TRUE,4,"1123161",6
235,12,0,FALSE,FALSE,1,"1123161",6
395,13,0,FALSE,FALSE,2,"1123161",6
433,14,0,FALSE,FALSE,3,"1123161",6
345,15,0,FALSE,FALSE,3,"1123161",6
146,1,1,FALSE,FALSE,1,"1123161",7
395,2,1,FALSE,FALSE,2,"1123161",7
267,3,1,FALSE,FALSE,2,"1123161",7
335,4,1,FALSE,FALSE,2,"1123161",7
433,5,1,FALSE,FALSE,3,"1123161",7
83,6,1,FALSE,FALSE,3,"1123161",7
17,7,2,TRUE,FALSE,3,"1123161",7
230,8,1,FALSE,FALSE,3,"1123161",7
617,9,1,FALSE,FALSE,4,"1123161",7
148,10,1,FALSE,FALSE,4,"1123161",7
180,11,1,FALSE,TRUE,4,"1123161",7
235,12,0,FALSE,FALSE,1,"1123161",7
505,13,0,FALSE,FALSE,2,"1123161",7
191,14,0,FALSE,FALSE,2,"1123161",7
345,15,0,FALSE,FALSE,3,"1123161",7
235,1,1,FALSE,FALSE,1,"1123161",8
267,2,1,FALSE,FALSE,2,"1123161",8
335,3,1,FALSE,FALSE,2,"1123161",8
573,4,1,FALSE,FALSE,2,"1123161",8
395,5,1,FALSE,FALSE,2,"1123161",8
83,6,1,FALSE,FALSE,3,"1123161",8
230,7,1,FALSE,FALSE,3,"1123161",8
618,8,1,FALSE,FALSE,3,"1123161",8
617,9,1,FALSE,FALSE,4,"1123161",8
148,10,1,FALSE,FALSE,4,"1123161",8
180,11,2,FALSE,TRUE,4,"1123161",8
146,12,0,FALSE,FALSE,1,"1123161",8
345,13,0,FALSE,FALSE,3,"1123161",8
17,14,0,TRUE,FALSE,3,"1123161",8
505,15,0,FALSE,FALSE,2,"1123161",8
146,1,1,FALSE,FALSE,1,"1123161",9
505,2,1,FALSE,FALSE,2,"1123161",9
335,3,1,FALSE,FALSE,2,"1123161",9
573,4,1,FALSE,FALSE,2,"1123161",9
83,5,1,FALSE,FALSE,3,"1123161",9
17,6,1,FALSE,FALSE,3,"1123161",9
230,7,1,FALSE,FALSE,3,"1123161",9
618,8,1,FALSE,TRUE,3,"1123161",9
148,9,1,FALSE,FALSE,4,"1123161",9
617,10,1,FALSE,FALSE,4,"1123161",9
180,11,2,TRUE,FALSE,4,"1123161",9
235,12,0,FALSE,FALSE,1,"1123161",9
345,13,0,FALSE,FALSE,3,"1123161",9
533,14,0,FALSE,FALSE,2,"1123161",9
267,15,0,FALSE,FALSE,2,"1123161",9
235,1,1,FALSE,FALSE,1,"1123161",10
533,2,1,FALSE,FALSE,2,"1123161",10
267,3,1,FALSE,FALSE,2,"1123161",10
573,4,1,FALSE,FALSE,2,"1123161",10
83,5,1,FALSE,FALSE,3,"1123161",10
17,6,2,TRUE,FALSE,3,"1123161",10
230,7,1,FALSE,FALSE,3,"1123161",10
618,8,1,FALSE,FALSE,3,"1123161",10
148,9,1,FALSE,FALSE,4,"1123161",10
617,10,1,FALSE,FALSE,4,"1123161",10
180,11,1,FALSE,TRUE,4,"1123161",10
146,12,0,FALSE,FALSE,1,"1123161",10
335,13,0,FALSE,FALSE,2,"1123161",10
345,14,0,FALSE,FALSE,3,"1123161",10
505,15,0,FALSE,FALSE,2,"1123161",10
235,1,1,FALSE,FALSE,1,"1123161",11
573,2,1,FALSE,FALSE,2,"1123161",11
533,3,1,FALSE,FALSE,2,"1123161",11
335,4,1,FALSE,FALSE,2,"1123161",11
505,5,1,FALSE,FALSE,2,"1123161",11
345,6,1,FALSE,FALSE,3,"1123161",11
17,7,1,FALSE,TRUE,3,"1123161",11
83,8,1,FALSE,FALSE,3,"1123161",11
617,9,1,FALSE,FALSE,4,"1123161",11
148,10,1,FALSE,FALSE,4,"1123161",11
180,11,2,TRUE,FALSE,4,"1123161",11
146,12,0,FALSE,FALSE,1,"1123161",11
230,13,0,FALSE,FALSE,3,"1123161",11
618,14,0,FALSE,FALSE,3,"1123161",11
267,15,0,FALSE,FALSE,2,"1123161",11
146,1,1,FALSE,FALSE,1,"1123161",12
36,2,1,FALSE,FALSE,2,"1123161",12
533,3,1,FALSE,FALSE,2,"1123161",12
335,4,1,FALSE,TRUE,2,"1123161",12
618,5,1,FALSE,FALSE,3,"1123161",12
345,6,1,FALSE,FALSE,3,"1123161",12
17,7,1,FALSE,FALSE,3,"1123161",12
83,8,1,FALSE,FALSE,3,"1123161",12
617,9,1,FALSE,FALSE,4,"1123161",12
148,10,1,FALSE,FALSE,4,"1123161",12
180,11,2,TRUE,FALSE,4,"1123161",12
235,12,0,FALSE,FALSE,1,"1123161",12
240,13,0,FALSE,FALSE,3,"1123161",12
573,14,0,FALSE,FALSE,2,"1123161",12
267,15,0,FALSE,FALSE,2,"1123161",12
146,1,1,FALSE,FALSE,1,"1123161",13
573,2,1,FALSE,FALSE,2,"1123161",13
533,3,1,FALSE,FALSE,2,"1123161",13
335,4,1,FALSE,FALSE,2,"1123161",13
618,5,1,FALSE,FALSE,3,"1123161",13
345,6,1,FALSE,FALSE,3,"1123161",13
17,7,2,TRUE,FALSE,3,"1123161",13
83,8,1,FALSE,FALSE,3,"1123161",13
617,9,1,FALSE,FALSE,4,"1123161",13
148,10,1,FALSE,FALSE,4,"1123161",13
180,11,1,FALSE,TRUE,4,"1123161",13
235,12,0,FALSE,FALSE,1,"1123161",13
240,13,0,FALSE,FALSE,3,"1123161",13
267,14,0,FALSE,FALSE,2,"1123161",13
36,15,0,FALSE,FALSE,2,"1123161",13
146,1,1,FALSE,FALSE,1,"1123161",14
267,2,1,FALSE,FALSE,2,"1123161",14
533,3,1,FALSE,FALSE,2,"1123161",14
335,4,1,FALSE,FALSE,2,"1123161",14
573,5,1,FALSE,FALSE,2,"1123161",14
83,6,1,FALSE,FALSE,3,"1123161",14
17,7,2,FALSE,TRUE,3,"1123161",14
247,8,1,FALSE,FALSE,3,"1123161",14
618,9,1,FALSE,FALSE,3,"1123161",14
345,10,1,FALSE,FALSE,3,"1123161",14
617,11,1,FALSE,FALSE,4,"1123161",14
235,12,0,FALSE,FALSE,1,"1123161",14
148,13,0,FALSE,FALSE,4,"1123161",14
180,14,0,TRUE,FALSE,4,"1123161",14
36,15,0,FALSE,FALSE,2,"1123161",14
146,1,1,FALSE,FALSE,1,"1123161",15
36,2,1,FALSE,FALSE,2,"1123161",15
533,3,1,FALSE,FALSE,2,"1123161",15
573,4,1,FALSE,FALSE,2,"1123161",15
83,5,1,FALSE,FALSE,3,"1123161",15
345,6,1,FALSE,FALSE,3,"1123161",15
17,7,1,FALSE,TRUE,3,"1123161",15
618,8,1,FALSE,FALSE,3,"1123161",15
148,9,1,FALSE,FALSE,4,"1123161",15
617,10,1,FALSE,FALSE,4,"1123161",15
180,11,2,TRUE,FALSE,4,"1123161",15
235,12,0,FALSE,FALSE,1,"1123161",15
247,13,0,FALSE,FALSE,3,"1123161",15
335,14,0,FALSE,FALSE,2,"1123161",15
267,15,0,FALSE,FALSE,2,"1123161",15
146,1,1,FALSE,FALSE,1,"1123161",16
267,2,1,FALSE,FALSE,2,"1123161",16
533,3,1,FALSE,FALSE,2,"1123161",16
335,4,1,FALSE,FALSE,2,"1123161",16
573,5,1,FALSE,FALSE,2,"1123161",16
247,6,1,FALSE,FALSE,3,"1123161",16
345,7,1,FALSE,FALSE,3,"1123161",16
17,8,2,TRUE,FALSE,3,"1123161",16
618,9,1,FALSE,FALSE,3,"1123161",16
617,10,1,FALSE,FALSE,4,"1123161",16
180,11,1,FALSE,TRUE,4,"1123161",16
235,12,0,FALSE,FALSE,1,"1123161",16
83,13,0,FALSE,FALSE,3,"1123161",16
148,14,0,FALSE,FALSE,4,"1123161",16
36,15,0,FALSE,FALSE,2,"1123161",16
146,1,1,FALSE,FALSE,1,"1123161",17
267,2,1,FALSE,FALSE,2,"1123161",17
335,3,1,FALSE,FALSE,2,"1123161",17
573,4,1,FALSE,FALSE,2,"1123161",17
388,5,1,FALSE,FALSE,2,"1123161",17
36,6,1,FALSE,FALSE,2,"1123161",17
17,7,1,FALSE,TRUE,3,"1123161",17
247,8,1,FALSE,FALSE,3,"1123161",17
618,9,1,FALSE,FALSE,3,"1123161",17
617,10,1,FALSE,FALSE,4,"1123161",17
180,11,2,TRUE,FALSE,4,"1123161",17
235,12,0,FALSE,FALSE,1,"1123161",17
345,13,0,FALSE,FALSE,3,"1123161",17
83,14,0,FALSE,FALSE,3,"1123161",17
148,15,0,FALSE,FALSE,4,"1123161",17
235,1,1,FALSE,FALSE,1,"1123161",18
388,2,1,FALSE,FALSE,2,"1123161",18
573,3,1,FALSE,FALSE,2,"1123161",18
335,4,1,FALSE,FALSE,2,"1123161",18
36,5,1,FALSE,FALSE,2,"1123161",18
402,6,1,FALSE,FALSE,3,"1123161",18
345,7,1,FALSE,FALSE,3,"1123161",18
247,8,1,FALSE,FALSE,3,"1123161",18
585,9,1,FALSE,TRUE,3,"1123161",18
617,10,1,FALSE,FALSE,4,"1123161",18
180,11,2,TRUE,FALSE,4,"1123161",18
146,12,0,FALSE,FALSE,1,"1123161",18
211,13,0,FALSE,FALSE,2,"1123161",18
148,14,0,FALSE,FALSE,4,"1123161",18
17,15,0,FALSE,FALSE,3,"1123161",18
235,1,1,FALSE,FALSE,1,"1123161",19
211,2,1,FALSE,FALSE,2,"1123161",19
573,3,1,FALSE,FALSE,2,"1123161",19
335,4,1,FALSE,FALSE,2,"1123161",19
36,5,1,FALSE,FALSE,2,"1123161",19
402,6,1,FALSE,FALSE,3,"1123161",19
345,7,2,TRUE,FALSE,3,"1123161",19
247,8,1,FALSE,FALSE,3,"1123161",19
585,9,1,FALSE,TRUE,3,"1123161",19
617,10,1,FALSE,FALSE,4,"1123161",19
180,11,1,FALSE,FALSE,4,"1123161",19
146,12,0,FALSE,FALSE,1,"1123161",19
388,13,0,FALSE,FALSE,2,"1123161",19
148,14,0,FALSE,FALSE,4,"1123161",19
17,15,0,FALSE,FALSE,3,"1123161",19
235,1,1,FALSE,FALSE,1,"1123161",20
211,2,1,FALSE,FALSE,2,"1123161",20
573,3,1,FALSE,FALSE,2,"1123161",20
335,4,1,FALSE,FALSE,2,"1123161",20
36,5,1,FALSE,FALSE,2,"1123161",20
402,6,1,FALSE,FALSE,3,"1123161",20
345,7,1,FALSE,FALSE,3,"1123161",20
247,8,1,FALSE,TRUE,3,"1123161",20
585,9,1,FALSE,FALSE,3,"1123161",20
617,10,1,FALSE,FALSE,4,"1123161",20
180,11,2,TRUE,FALSE,4,"1123161",20
146,12,0,FALSE,FALSE,1,"1123161",20
388,13,0,FALSE,FALSE,2,"1123161",20
148,14,0,FALSE,FALSE,4,"1123161",20
17,15,0,FALSE,FALSE,3,"1123161",20
146,1,1,FALSE,FALSE,1,"1123161",21
211,2,1,FALSE,FALSE,2,"1123161",21
573,3,1,FALSE,FALSE,2,"1123161",21
335,4,1,FALSE,FALSE,2,"1123161",21
36,5,1,FALSE,FALSE,2,"1123161",21
402,6,1,FALSE,FALSE,3,"1123161",21
345,7,1,FALSE,FALSE,3,"1123161",21
247,8,1,FALSE,FALSE,3,"1123161",21
585,9,1,FALSE,TRUE,3,"1123161",21
148,10,1,FALSE,FALSE,4,"1123161",21
180,11,2,TRUE,FALSE,4,"1123161",21
235,12,0,FALSE,FALSE,1,"1123161",21
388,13,0,FALSE,FALSE,2,"1123161",21
17,14,0,FALSE,FALSE,3,"1123161",21
617,15,0,FALSE,FALSE,4,"1123161",21
248,1,1,FALSE,FALSE,1,"10946",1
18,2,1,FALSE,FALSE,2,"10946",1
495,3,1,FALSE,FALSE,2,"10946",1
415,4,1,FALSE,FALSE,2,"10946",1
231,5,1,FALSE,FALSE,2,"10946",1
525,6,1,FALSE,FALSE,3,"10946",1
16,7,1,FALSE,FALSE,3,"10946",1
514,8,1,FALSE,FALSE,3,"10946",1
336,9,1,FALSE,FALSE,3,"10946",1
346,10,1,FALSE,FALSE,3,"10946",1
351,11,2,TRUE,FALSE,4,"10946",1
201,12,0,FALSE,FALSE,1,"10946",1
108,13,0,FALSE,TRUE,4,"10946",1
255,14,0,FALSE,FALSE,2,"10946",1
541,15,0,FALSE,FALSE,4,"10946",1
248,1,1,FALSE,FALSE,1,"10946",2
18,2,1,FALSE,FALSE,2,"10946",2
495,3,1,FALSE,FALSE,2,"10946",2
255,4,1,FALSE,FALSE,2,"10946",2
525,5,1,FALSE,FALSE,3,"10946",2
16,6,1,FALSE,FALSE,3,"10946",2
514,7,1,FALSE,FALSE,3,"10946",2
336,8,1,FALSE,FALSE,3,"10946",2
346,9,1,FALSE,FALSE,3,"10946",2
351,10,2,TRUE,FALSE,4,"10946",2
541,11,1,FALSE,TRUE,4,"10946",2
201,12,0,FALSE,FALSE,1,"10946",2
108,13,0,FALSE,FALSE,4,"10946",2
231,14,0,FALSE,FALSE,2,"10946",2
415,15,0,FALSE,FALSE,2,"10946",2
248,1,1,FALSE,FALSE,1,"10946",3
18,2,1,FALSE,FALSE,2,"10946",3
495,3,1,FALSE,FALSE,2,"10946",3
255,4,1,FALSE,FALSE,2,"10946",3
525,5,1,FALSE,FALSE,3,"10946",3
16,6,1,FALSE,FALSE,3,"10946",3
514,7,1,FALSE,FALSE,3,"10946",3
336,8,1,FALSE,FALSE,3,"10946",3
346,9,1,FALSE,FALSE,3,"10946",3
351,10,2,TRUE,FALSE,4,"10946",3
541,11,1,FALSE,TRUE,4,"10946",3
201,12,0,FALSE,FALSE,1,"10946",3
108,13,0,FALSE,FALSE,4,"10946",3
231,14,0,FALSE,FALSE,2,"10946",3
415,15,0,FALSE,FALSE,2,"10946",3
248,1,1,FALSE,FALSE,1,"10946",4
18,2,1,FALSE,FALSE,2,"10946",4
495,3,1,FALSE,FALSE,2,"10946",4
415,4,1,FALSE,FALSE,2,"10946",4
255,5,1,FALSE,FALSE,2,"10946",4
525,6,1,FALSE,FALSE,3,"10946",4
514,7,1,FALSE,TRUE,3,"10946",4
336,8,1,FALSE,FALSE,3,"10946",4
38,9,1,FALSE,FALSE,4,"10946",4
351,10,2,TRUE,FALSE,4,"10946",4
541,11,1,FALSE,FALSE,4,"10946",4
201,12,0,FALSE,FALSE,1,"10946",4
346,13,0,FALSE,FALSE,3,"10946",4
231,14,0,FALSE,FALSE,2,"10946",4
16,15,0,FALSE,FALSE,3,"10946",4
248,1,1,FALSE,FALSE,1,"10946",5
18,2,1,FALSE,FALSE,2,"10946",5
495,3,1,FALSE,FALSE,2,"10946",5
255,4,1,FALSE,FALSE,2,"10946",5
415,5,1,FALSE,FALSE,2,"10946",5
525,6,1,FALSE,FALSE,3,"10946",5
336,7,1,FALSE,FALSE,3,"10946",5
346,8,1,FALSE,FALSE,3,"10946",5
514,9,1,FALSE,TRUE,3,"10946",5
541,10,1,FALSE,FALSE,4,"10946",5
351,11,2,TRUE,FALSE,4,"10946",5
201,12,0,FALSE,FALSE,1,"10946",5
38,13,0,FALSE,FALSE,4,"10946",5
231,14,0,FALSE,FALSE,2,"10946",5
16,15,0,FALSE,FALSE,3,"10946",5
248,1,1,FALSE,FALSE,1,"10946",6
495,2,1,FALSE,FALSE,2,"10946",6
255,3,1,FALSE,FALSE,2,"10946",6
18,4,1,FALSE,TRUE,2,"10946",6
514,5,1,FALSE,FALSE,3,"10946",6
525,6,1,FALSE,FALSE,3,"10946",6
336,7,1,FALSE,FALSE,3,"10946",6
16,8,1,FALSE,FALSE,3,"10946",6
38,9,1,FALSE,FALSE,4,"10946",6
541,10,1,FALSE,FALSE,4,"10946",6
351,11,2,TRUE,FALSE,4,"10946",6
201,12,0,FALSE,FALSE,1,"10946",6
346,13,0,FALSE,FALSE,3,"10946",6
231,14,0,FALSE,FALSE,2,"10946",6
415,15,0,FALSE,FALSE,2,"10946",6
201,1,1,FALSE,FALSE,1,"10946",7
495,2,1,FALSE,FALSE,2,"10946",7
415,3,1,FALSE,FALSE,2,"10946",7
18,4,1,FALSE,FALSE,2,"10946",7
525,5,1,FALSE,FALSE,3,"10946",7
336,6,1,FALSE,FALSE,3,"10946",7
16,7,1,FALSE,FALSE,3,"10946",7
514,8,1,FALSE,TRUE,3,"10946",7
38,9,1,FALSE,FALSE,4,"10946",7
541,10,1,FALSE,FALSE,4,"10946",7
351,11,2,TRUE,FALSE,4,"10946",7
248,12,0,FALSE,FALSE,1,"10946",7
346,13,0,FALSE,FALSE,3,"10946",7
231,14,0,FALSE,FALSE,2,"10946",7
255,15,0,FALSE,FALSE,2,"10946",7
201,1,1,FALSE,FALSE,1,"10946",8
495,2,1,FALSE,FALSE,2,"10946",8
415,3,1,FALSE,FALSE,2,"10946",8
18,4,1,FALSE,FALSE,2,"10946",8
525,5,1,FALSE,FALSE,3,"10946",8
336,6,1,FALSE,FALSE,3,"10946",8
16,7,1,FALSE,FALSE,3,"10946",8
514,8,1,FALSE,TRUE,3,"10946",8
346,9,1,FALSE,FALSE,3,"10946",8
38,10,1,FALSE,FALSE,4,"10946",8
351,11,2,TRUE,FALSE,4,"10946",8
248,12,0,FALSE,FALSE,1,"10946",8
541,13,0,FALSE,FALSE,4,"10946",8
231,14,0,FALSE,FALSE,2,"10946",8
255,15,0,FALSE,FALSE,2,"10946",8
248,1,1,FALSE,FALSE,1,"10946",9
231,2,1,FALSE,FALSE,2,"10946",9
495,3,1,FALSE,FALSE,2,"10946",9
415,4,1,FALSE,FALSE,2,"10946",9
255,5,1,FALSE,FALSE,2,"10946",9
16,6,1,FALSE,FALSE,3,"10946",9
514,7,1,FALSE,TRUE,3,"10946",9
336,8,1,FALSE,FALSE,3,"10946",9
541,9,1,FALSE,FALSE,4,"10946",9
351,10,2,TRUE,FALSE,4,"10946",9
38,11,1,FALSE,FALSE,4,"10946",9
201,12,0,FALSE,FALSE,1,"10946",9
525,13,0,FALSE,FALSE,3,"10946",9
18,14,0,FALSE,FALSE,2,"10946",9
346,15,0,FALSE,FALSE,3,"10946",9
248,1,1,FALSE,FALSE,1,"10946",10
18,2,1,FALSE,FALSE,2,"10946",10
495,3,1,FALSE,FALSE,2,"10946",10
415,4,1,FALSE,FALSE,2,"10946",10
16,5,1,FALSE,FALSE,3,"10946",10
514,6,1,FALSE,TRUE,3,"10946",10
336,7,1,FALSE,FALSE,3,"10946",10
346,8,1,FALSE,FALSE,3,"10946",10
541,9,1,FALSE,FALSE,4,"10946",10
351,10,2,TRUE,FALSE,4,"10946",10
38,11,1,FALSE,FALSE,4,"10946",10
201,12,0,FALSE,FALSE,1,"10946",10
525,13,0,FALSE,FALSE,3,"10946",10
255,14,0,FALSE,FALSE,2,"10946",10
231,15,0,FALSE,FALSE,2,"10946",10
201,1,1,FALSE,FALSE,1,"10946",11
18,2,1,FALSE,FALSE,2,"10946",11
495,3,1,FALSE,FALSE,2,"10946",11
415,4,1,FALSE,FALSE,2,"10946",11
255,5,1,FALSE,FALSE,2,"10946",11
514,6,1,FALSE,TRUE,3,"10946",11
336,7,1,FALSE,FALSE,3,"10946",11
16,8,1,FALSE,FALSE,3,"10946",11
351,9,2,TRUE,FALSE,4,"10946",11
38,10,1,FALSE,FALSE,4,"10946",11
541,11,1,FALSE,FALSE,4,"10946",11
248,12,0,FALSE,FALSE,1,"10946",11
525,13,0,FALSE,FALSE,3,"10946",11
346,14,0,FALSE,FALSE,3,"10946",11
231,15,0,FALSE,FALSE,2,"10946",11
248,1,1,FALSE,FALSE,1,"10946",12
18,2,1,FALSE,FALSE,2,"10946",12
495,3,1,FALSE,FALSE,2,"10946",12
415,4,1,FALSE,FALSE,2,"10946",12
255,5,1,FALSE,FALSE,2,"10946",12
231,6,1,FALSE,FALSE,2,"10946",12
336,7,1,FALSE,FALSE,3,"10946",12
514,8,1,FALSE,TRUE,3,"10946",12
351,9,2,TRUE,FALSE,4,"10946",12
38,10,1,FALSE,FALSE,4,"10946",12
541,11,1,FALSE,FALSE,4,"10946",12
201,12,0,FALSE,FALSE,1,"10946",12
525,13,0,FALSE,FALSE,3,"10946",12
16,14,0,FALSE,FALSE,3,"10946",12
346,15,0,FALSE,FALSE,3,"10946",12
248,1,1,FALSE,FALSE,1,"10946",13
495,2,1,FALSE,FALSE,2,"10946",13
415,3,1,FALSE,FALSE,2,"10946",13
18,4,1,FALSE,FALSE,2,"10946",13
255,5,1,FALSE,FALSE,2,"10946",13
231,6,1,FALSE,FALSE,2,"10946",13
16,7,1,FALSE,FALSE,3,"10946",13
346,8,1,FALSE,FALSE,3,"10946",13
514,9,1,FALSE,FALSE,3,"10946",13
541,10,2,TRUE,FALSE,4,"10946",13
351,11,1,FALSE,TRUE,4,"10946",13
201,12,0,FALSE,FALSE,1,"10946",13
336,13,0,FALSE,FALSE,3,"10946",13
525,14,0,FALSE,FALSE,3,"10946",13
38,15,0,FALSE,FALSE,4,"10946",13
248,1,1,FALSE,FALSE,1,"10946",14
495,2,1,FALSE,FALSE,2,"10946",14
415,3,1,FALSE,FALSE,2,"10946",14
18,4,1,FALSE,FALSE,2,"10946",14
255,5,1,FALSE,FALSE,2,"10946",14
231,6,1,FALSE,FALSE,2,"10946",14
16,7,1,FALSE,FALSE,3,"10946",14
346,8,1,FALSE,FALSE,3,"10946",14
514,9,1,FALSE,FALSE,3,"10946",14
351,10,2,TRUE,FALSE,4,"10946",14
541,11,1,FALSE,TRUE,4,"10946",14
201,12,0,FALSE,FALSE,1,"10946",14
336,13,0,FALSE,FALSE,3,"10946",14
525,14,0,FALSE,FALSE,3,"10946",14
38,15,0,FALSE,FALSE,4,"10946",14
248,1,1,FALSE,FALSE,1,"10946",15
18,2,1,FALSE,FALSE,2,"10946",15
495,3,1,FALSE,FALSE,2,"10946",15
415,4,1,FALSE,FALSE,2,"10946",15
255,5,1,FALSE,FALSE,2,"10946",15
525,6,1,FALSE,FALSE,3,"10946",15
16,7,1,FALSE,FALSE,3,"10946",15
514,8,1,FALSE,FALSE,3,"10946",15
346,9,1,FALSE,FALSE,3,"10946",15
351,10,2,TRUE,FALSE,4,"10946",15
541,11,1,FALSE,TRUE,4,"10946",15
201,12,0,FALSE,FALSE,1,"10946",15
336,13,0,FALSE,FALSE,3,"10946",15
231,14,0,FALSE,FALSE,2,"10946",15
38,15,0,FALSE,FALSE,4,"10946",15
201,1,1,FALSE,FALSE,1,"10946",16
495,2,1,FALSE,FALSE,2,"10946",16
415,3,1,FALSE,FALSE,2,"10946",16
18,4,1,FALSE,FALSE,2,"10946",16
16,5,1,FALSE,FALSE,3,"10946",16
346,6,1,FALSE,FALSE,3,"10946",16
514,7,1,FALSE,FALSE,3,"10946",16
525,8,1,FALSE,FALSE,3,"10946",16
336,9,1,FALSE,FALSE,3,"10946",16
351,10,2,TRUE,FALSE,4,"10946",16
541,11,1,FALSE,TRUE,4,"10946",16
248,12,0,FALSE,FALSE,1,"10946",16
231,13,0,FALSE,FALSE,2,"10946",16
255,14,0,FALSE,FALSE,2,"10946",16
38,15,0,FALSE,FALSE,4,"10946",16
201,1,1,FALSE,FALSE,1,"10946",17
495,2,1,FALSE,FALSE,2,"10946",17
415,3,1,FALSE,FALSE,2,"10946",17
18,4,1,FALSE,FALSE,2,"10946",17
16,5,1,FALSE,FALSE,3,"10946",17
346,6,1,FALSE,FALSE,3,"10946",17
514,7,1,FALSE,FALSE,3,"10946",17
525,8,1,FALSE,FALSE,3,"10946",17
336,9,1,FALSE,FALSE,3,"10946",17
351,10,2,TRUE,FALSE,4,"10946",17
541,11,1,FALSE,TRUE,4,"10946",17
248,12,0,FALSE,FALSE,1,"10946",17
231,13,0,FALSE,FALSE,2,"10946",17
255,14,0,FALSE,FALSE,2,"10946",17
38,15,0,FALSE,FALSE,4,"10946",17
201,1,1,FALSE,FALSE,1,"10946",18
495,2,1,FALSE,FALSE,2,"10946",18
415,3,1,FALSE,FALSE,2,"10946",18
18,4,1,FALSE,FALSE,2,"10946",18
16,5,1,FALSE,FALSE,3,"10946",18
346,6,1,FALSE,FALSE,3,"10946",18
514,7,1,FALSE,FALSE,3,"10946",18
525,8,1,FALSE,FALSE,3,"10946",18
336,9,1,FALSE,FALSE,3,"10946",18
541,10,2,TRUE,FALSE,4,"10946",18
351,11,1,FALSE,TRUE,4,"10946",18
248,12,0,FALSE,FALSE,1,"10946",18
231,13,0,FALSE,FALSE,2,"10946",18
255,14,0,FALSE,FALSE,2,"10946",18
38,15,0,FALSE,FALSE,4,"10946",18
201,1,1,FALSE,FALSE,1,"10946",19
18,2,1,FALSE,FALSE,2,"10946",19
495,3,1,FALSE,FALSE,2,"10946",19
415,4,1,FALSE,FALSE,2,"10946",19
255,5,1,FALSE,FALSE,2,"10946",19
231,6,1,FALSE,FALSE,2,"10946",19
525,7,1,FALSE,FALSE,3,"10946",19
16,8,1,FALSE,FALSE,3,"10946",19
514,9,1,FALSE,FALSE,3,"10946",19
351,10,1,FALSE,TRUE,4,"10946",19
541,11,2,TRUE,FALSE,4,"10946",19
248,12,0,FALSE,FALSE,1,"10946",19
346,13,0,FALSE,FALSE,3,"10946",19
336,14,0,FALSE,FALSE,3,"10946",19
38,15,0,FALSE,FALSE,4,"10946",19
201,1,1,FALSE,FALSE,1,"10946",20
18,2,1,FALSE,FALSE,2,"10946",20
495,3,1,FALSE,FALSE,2,"10946",20
231,4,1,FALSE,FALSE,2,"10946",20
255,5,1,FALSE,FALSE,2,"10946",20
525,6,1,FALSE,FALSE,3,"10946",20
16,7,1,FALSE,FALSE,3,"10946",20
514,8,1,FALSE,FALSE,3,"10946",20
346,9,1,FALSE,FALSE,3,"10946",20
351,10,2,FALSE,TRUE,4,"10946",20
541,11,1,TRUE,FALSE,4,"10946",20
248,12,0,FALSE,FALSE,1,"10946",20
415,13,0,FALSE,FALSE,2,"10946",20
336,14,0,FALSE,FALSE,3,"10946",20
38,15,0,FALSE,FALSE,4,"10946",20
201,1,1,FALSE,FALSE,1,"10946",21
18,2,1,FALSE,FALSE,2,"10946",21
495,3,1,FALSE,FALSE,2,"10946",21
231,4,1,FALSE,FALSE,2,"10946",21
255,5,1,FALSE,FALSE,2,"10946",21
525,6,1,FALSE,FALSE,3,"10946",21
16,7,1,FALSE,FALSE,3,"10946",21
336,8,1,FALSE,FALSE,3,"10946",21
346,9,1,FALSE,FALSE,3,"10946",21
351,10,2,TRUE,FALSE,4,"10946",21
541,11,1,FALSE,TRUE,4,"10946",21
248,12,0,FALSE,FALSE,1,"10946",21
415,13,0,FALSE,FALSE,2,"10946",21
514,14,0,FALSE,FALSE,3,"10946",21
38,15,0,FALSE,FALSE,4,"10946",21
383,1,1,FALSE,FALSE,1,"6186573",1
210,2,1,FALSE,FALSE,2,"6186573",1
326,3,1,FALSE,FALSE,2,"6186573",1
591,4,1,FALSE,FALSE,2,"6186573",1
398,5,1,FALSE,FALSE,3,"6186573",1
494,6,1,FALSE,TRUE,3,"6186573",1
136,7,1,FALSE,FALSE,3,"6186573",1
492,8,1,FALSE,FALSE,3,"6186573",1
314,9,1,FALSE,FALSE,3,"6186573",1
58,10,2,TRUE,FALSE,4,"6186573",1
129,11,1,FALSE,FALSE,4,"6186573",1
91,12,0,FALSE,FALSE,1,"6186573",1
578,13,0,FALSE,FALSE,2,"6186573",1
162,14,0,FALSE,FALSE,2,"6186573",1
375,15,0,FALSE,FALSE,4,"6186573",1
383,1,1,FALSE,FALSE,1,"6186573",2
578,2,1,FALSE,FALSE,2,"6186573",2
326,3,1,FALSE,FALSE,2,"6186573",2
162,4,1,FALSE,FALSE,2,"6186573",2
398,5,1,FALSE,FALSE,3,"6186573",2
494,6,2,TRUE,FALSE,3,"6186573",2
136,7,1,FALSE,FALSE,3,"6186573",2
492,8,1,FALSE,FALSE,3,"6186573",2
314,9,1,FALSE,FALSE,3,"6186573",2
129,10,1,FALSE,FALSE,4,"6186573",2
58,11,1,FALSE,TRUE,4,"6186573",2
91,12,0,FALSE,FALSE,1,"6186573",2
210,13,0,FALSE,FALSE,2,"6186573",2
591,14,0,FALSE,FALSE,2,"6186573",2
375,15,0,FALSE,FALSE,4,"6186573",2
91,1,1,FALSE,FALSE,1,"6186573",3
578,2,1,FALSE,FALSE,2,"6186573",3
326,3,1,FALSE,FALSE,2,"6186573",3
162,4,1,FALSE,FALSE,2,"6186573",3
398,5,1,FALSE,FALSE,3,"6186573",3
494,6,1,FALSE,TRUE,3,"6186573",3
136,7,1,FALSE,FALSE,3,"6186573",3
492,8,1,FALSE,FALSE,3,"6186573",3
314,9,1,FALSE,FALSE,3,"6186573",3
129,10,1,FALSE,FALSE,4,"6186573",3
58,11,2,TRUE,FALSE,4,"6186573",3
383,12,0,FALSE,FALSE,1,"6186573",3
210,13,0,FALSE,FALSE,2,"6186573",3
591,14,0,FALSE,FALSE,2,"6186573",3
375,15,0,FALSE,FALSE,4,"6186573",3
383,1,1,FALSE,FALSE,1,"6186573",4
326,2,1,FALSE,FALSE,2,"6186573",4
162,3,1,FALSE,FALSE,2,"6186573",4
409,4,1,FALSE,FALSE,2,"6186573",4
210,5,1,FALSE,FALSE,2,"6186573",4
398,6,2,TRUE,FALSE,3,"6186573",4
494,7,1,FALSE,FALSE,3,"6186573",4
136,8,1,FALSE,TRUE,3,"6186573",4
492,9,1,FALSE,FALSE,3,"6186573",4
314,10,1,FALSE,FALSE,3,"6186573",4
58,11,1,FALSE,FALSE,4,"6186573",4
91,12,0,FALSE,FALSE,1,"6186573",4
129,13,0,FALSE,FALSE,4,"6186573",4
578,14,0,FALSE,FALSE,2,"6186573",4
375,15,0,FALSE,FALSE,4,"6186573",4
383,1,1,FALSE,FALSE,1,"6186573",5
210,2,1,FALSE,FALSE,2,"6186573",5
326,3,1,FALSE,FALSE,2,"6186573",5
162,4,1,FALSE,FALSE,2,"6186573",5
409,5,1,FALSE,FALSE,2,"6186573",5
398,6,1,FALSE,FALSE,3,"6186573",5
494,7,1,FALSE,FALSE,3,"6186573",5
136,8,1,FALSE,TRUE,3,"6186573",5
492,9,1,FALSE,FALSE,3,"6186573",5
129,10,1,FALSE,FALSE,4,"6186573",5
58,11,2,TRUE,FALSE,4,"6186573",5
91,12,0,FALSE,FALSE,1,"6186573",5
314,13,0,FALSE,FALSE,3,"6186573",5
578,14,0,FALSE,FALSE,2,"6186573",5
375,15,0,FALSE,FALSE,4,"6186573",5
91,1,1,FALSE,FALSE,1,"6186573",6
210,2,1,FALSE,FALSE,2,"6186573",6
326,3,1,FALSE,FALSE,2,"6186573",6
162,4,1,FALSE,FALSE,2,"6186573",6
578,5,1,FALSE,FALSE,2,"6186573",6
608,6,1,FALSE,FALSE,3,"6186573",6
398,7,1,FALSE,FALSE,3,"6186573",6
494,8,1,FALSE,FALSE,3,"6186573",6
136,9,1,FALSE,TRUE,3,"6186573",6
492,10,1,FALSE,FALSE,3,"6186573",6
58,11,2,TRUE,FALSE,4,"6186573",6
383,12,0,FALSE,FALSE,1,"6186573",6
375,13,0,FALSE,FALSE,4,"6186573",6
409,14,0,FALSE,FALSE,2,"6186573",6
129,15,0,FALSE,FALSE,4,"6186573",6
91,1,1,FALSE,FALSE,1,"6186573",7
409,2,1,FALSE,FALSE,2,"6186573",7
326,3,1,FALSE,FALSE,2,"6186573",7
162,4,1,FALSE,FALSE,2,"6186573",7
578,5,1,FALSE,FALSE,2,"6186573",7
608,6,1,FALSE,FALSE,3,"6186573",7
398,7,1,FALSE,TRUE,3,"6186573",7
494,8,1,FALSE,FALSE,3,"6186573",7
136,9,1,FALSE,FALSE,3,"6186573",7
492,10,2,TRUE,FALSE,3,"6186573",7
58,11,1,FALSE,FALSE,4,"6186573",7
383,12,0,FALSE,FALSE,1,"6186573",7
375,13,0,FALSE,FALSE,4,"6186573",7
210,14,0,FALSE,FALSE,2,"6186573",7
129,15,0,FALSE,FALSE,4,"6186573",7
383,1,1,FALSE,FALSE,1,"6186573",8
409,2,1,FALSE,FALSE,2,"6186573",8
326,3,1,FALSE,FALSE,2,"6186573",8
162,4,1,FALSE,FALSE,2,"6186573",8
578,5,1,FALSE,FALSE,2,"6186573",8
398,6,1,FALSE,TRUE,3,"6186573",8
494,7,1,FALSE,FALSE,3,"6186573",8
136,8,1,FALSE,FALSE,3,"6186573",8
492,9,2,TRUE,FALSE,3,"6186573",8
375,10,1,FALSE,FALSE,4,"6186573",8
58,11,1,FALSE,FALSE,4,"6186573",8
91,12,0,FALSE,FALSE,1,"6186573",8
608,13,0,FALSE,FALSE,3,"6186573",8
210,14,0,FALSE,FALSE,2,"6186573",8
129,15,0,FALSE,FALSE,4,"6186573",8
383,1,1,FALSE,FALSE,1,"6186573",9
326,2,1,FALSE,FALSE,2,"6186573",9
162,3,1,FALSE,FALSE,2,"6186573",9
409,4,1,FALSE,FALSE,2,"6186573",9
210,5,1,FALSE,FALSE,2,"6186573",9
608,6,1,FALSE,FALSE,3,"6186573",9
494,7,1,FALSE,FALSE,3,"6186573",9
136,8,1,FALSE,FALSE,3,"6186573",9
492,9,2,TRUE,FALSE,3,"6186573",9
58,10,1,FALSE,FALSE,4,"6186573",9
375,11,1,FALSE,FALSE,4,"6186573",9
91,12,0,FALSE,FALSE,1,"6186573",9
578,13,0,FALSE,FALSE,2,"6186573",9
398,14,0,FALSE,TRUE,3,"6186573",9
129,15,0,FALSE,FALSE,4,"6186573",9
91,1,1,FALSE,FALSE,1,"6186573",10
409,2,1,FALSE,FALSE,2,"6186573",10
326,3,1,FALSE,FALSE,2,"6186573",10
162,4,1,FALSE,FALSE,2,"6186573",10
210,5,1,FALSE,FALSE,2,"6186573",10
398,6,1,FALSE,FALSE,3,"6186573",10
494,7,1,FALSE,FALSE,3,"6186573",10
136,8,1,FALSE,FALSE,3,"6186573",10
492,9,2,TRUE,FALSE,3,"6186573",10
375,10,1,FALSE,FALSE,4,"6186573",10
58,11,1,FALSE,TRUE,4,"6186573",10
383,12,0,FALSE,FALSE,1,"6186573",10
608,13,0,FALSE,FALSE,3,"6186573",10
578,14,0,FALSE,FALSE,2,"6186573",10
129,15,0,FALSE,FALSE,4,"6186573",10
383,1,1,FALSE,FALSE,1,"6186573",11
409,2,1,FALSE,FALSE,2,"6186573",11
326,3,1,FALSE,FALSE,2,"6186573",11
162,4,1,FALSE,FALSE,2,"6186573",11
210,5,1,FALSE,FALSE,2,"6186573",11
398,6,1,FALSE,FALSE,3,"6186573",11
494,7,1,FALSE,TRUE,3,"6186573",11
136,8,1,FALSE,FALSE,3,"6186573",11
492,9,2,TRUE,FALSE,3,"6186573",11
375,10,1,FALSE,FALSE,4,"6186573",11
58,11,1,FALSE,FALSE,4,"6186573",11
91,12,0,FALSE,FALSE,1,"6186573",11
608,13,0,FALSE,FALSE,3,"6186573",11
578,14,0,FALSE,FALSE,2,"6186573",11
129,15,0,FALSE,FALSE,4,"6186573",11
383,1,1,FALSE,FALSE,1,"6186573",12
409,2,1,FALSE,FALSE,2,"6186573",12
326,3,1,FALSE,FALSE,2,"6186573",12
162,4,1,FALSE,FALSE,2,"6186573",12
364,5,1,FALSE,FALSE,3,"6186573",12
398,6,1,FALSE,FALSE,3,"6186573",12
136,7,1,FALSE,FALSE,3,"6186573",12
492,8,1,FALSE,FALSE,3,"6186573",12
129,9,1,FALSE,FALSE,4,"6186573",12
375,10,2,TRUE,FALSE,4,"6186573",12
58,11,1,FALSE,TRUE,4,"6186573",12
91,12,0,FALSE,FALSE,1,"6186573",12
578,13,0,FALSE,FALSE,2,"6186573",12
210,14,0,FALSE,FALSE,2,"6186573",12
494,15,0,FALSE,FALSE,3,"6186573",12
383,1,1,FALSE,FALSE,1,"6186573",13
578,2,1,FALSE,FALSE,2,"6186573",13
409,3,1,FALSE,FALSE,2,"6186573",13
162,4,1,FALSE,FALSE,2,"6186573",13
494,5,1,FALSE,TRUE,3,"6186573",13
136,6,1,FALSE,FALSE,3,"6186573",13
492,7,1,FALSE,FALSE,3,"6186573",13
364,8,1,FALSE,FALSE,3,"6186573",13
398,9,1,FALSE,FALSE,3,"6186573",13
58,10,1,FALSE,FALSE,4,"6186573",13
129,11,2,TRUE,FALSE,4,"6186573",13
91,12,0,FALSE,FALSE,1,"6186573",13
326,13,0,FALSE,FALSE,2,"6186573",13
375,14,0,FALSE,FALSE,4,"6186573",13
210,15,0,FALSE,FALSE,2,"6186573",13
91,1,1,FALSE,FALSE,1,"6186573",14
409,2,1,FALSE,FALSE,2,"6186573",14
162,3,1,FALSE,FALSE,2,"6186573",14
210,4,1,FALSE,FALSE,2,"6186573",14
494,5,1,FALSE,TRUE,3,"6186573",14
136,6,1,FALSE,FALSE,3,"6186573",14
492,7,1,FALSE,FALSE,3,"6186573",14
364,8,1,FALSE,FALSE,3,"6186573",14
58,9,2,TRUE,FALSE,4,"6186573",14
375,10,1,FALSE,FALSE,4,"6186573",14
129,11,1,FALSE,FALSE,4,"6186573",14
383,12,0,FALSE,FALSE,1,"6186573",14
398,13,0,FALSE,FALSE,3,"6186573",14
578,14,0,FALSE,FALSE,2,"6186573",14
326,15,0,FALSE,FALSE,2,"6186573",14
383,1,1,FALSE,FALSE,1,"6186573",15
409,2,1,FALSE,FALSE,2,"6186573",15
162,3,1,FALSE,FALSE,2,"6186573",15
210,4,1,FALSE,FALSE,2,"6186573",15
494,5,1,FALSE,FALSE,3,"6186573",15
136,6,1,FALSE,FALSE,3,"6186573",15
492,7,1,FALSE,FALSE,3,"6186573",15
364,8,1,FALSE,TRUE,3,"6186573",15
58,9,1,FALSE,FALSE,4,"6186573",15
375,10,1,FALSE,FALSE,4,"6186573",15
129,11,2,TRUE,FALSE,4,"6186573",15
91,12,0,FALSE,FALSE,1,"6186573",15
398,13,0,FALSE,FALSE,3,"6186573",15
578,14,0,FALSE,FALSE,2,"6186573",15
326,15,0,FALSE,FALSE,2,"6186573",15
91,1,1,FALSE,FALSE,1,"6186573",16
409,2,1,FALSE,FALSE,2,"6186573",16
162,3,1,FALSE,FALSE,2,"6186573",16
210,4,1,FALSE,FALSE,2,"6186573",16
398,5,1,FALSE,FALSE,3,"6186573",16
494,6,1,FALSE,FALSE,3,"6186573",16
136,7,1,FALSE,FALSE,3,"6186573",16
492,8,1,FALSE,FALSE,3,"6186573",16
364,9,1,FALSE,TRUE,3,"6186573",16
58,10,1,FALSE,FALSE,4,"6186573",16
129,11,2,TRUE,FALSE,4,"6186573",16
383,12,0,FALSE,FALSE,1,"6186573",16
375,13,0,FALSE,FALSE,4,"6186573",16
578,14,0,FALSE,FALSE,2,"6186573",16
326,15,0,FALSE,FALSE,2,"6186573",16
383,1,1,FALSE,FALSE,1,"6186573",17
210,2,1,FALSE,FALSE,2,"6186573",17
409,3,1,FALSE,FALSE,2,"6186573",17
162,4,1,FALSE,FALSE,2,"6186573",17
364,5,2,TRUE,FALSE,3,"6186573",17
494,6,1,FALSE,FALSE,3,"6186573",17
492,7,1,FALSE,FALSE,3,"6186573",17
398,8,1,FALSE,TRUE,3,"6186573",17
375,9,1,FALSE,FALSE,4,"6186573",17
129,10,1,FALSE,FALSE,4,"6186573",17
58,11,1,FALSE,FALSE,4,"6186573",17
91,12,0,FALSE,FALSE,1,"6186573",17
136,13,0,FALSE,FALSE,3,"6186573",17
578,14,0,FALSE,FALSE,2,"6186573",17
326,15,0,FALSE,FALSE,2,"6186573",17
383,1,1,FALSE,FALSE,1,"6186573",18
210,2,1,FALSE,FALSE,2,"6186573",18
409,3,1,FALSE,FALSE,2,"6186573",18
162,4,1,FALSE,FALSE,2,"6186573",18
364,5,1,FALSE,FALSE,3,"6186573",18
494,6,1,FALSE,FALSE,3,"6186573",18
492,7,2,TRUE,FALSE,3,"6186573",18
398,8,1,FALSE,TRUE,3,"6186573",18
375,9,1,FALSE,FALSE,4,"6186573",18
129,10,1,FALSE,FALSE,4,"6186573",18
58,11,1,FALSE,FALSE,4,"6186573",18
91,12,0,FALSE,FALSE,1,"6186573",18
136,13,0,FALSE,FALSE,3,"6186573",18
578,14,0,FALSE,FALSE,2,"6186573",18
326,15,0,FALSE,FALSE,2,"6186573",18
383,1,1,FALSE,FALSE,1,"6186573",19
210,2,1,FALSE,FALSE,2,"6186573",19
409,3,1,FALSE,FALSE,2,"6186573",19
162,4,1,FALSE,FALSE,2,"6186573",19
364,5,1,FALSE,FALSE,3,"6186573",19
494,6,1,FALSE,FALSE,3,"6186573",19
492,7,2,TRUE,FALSE,3,"6186573",19
398,8,1,FALSE,TRUE,3,"6186573",19
375,9,1,FALSE,FALSE,4,"6186573",19
129,10,1,FALSE,FALSE,4,"6186573",19
58,11,1,FALSE,FALSE,4,"6186573",19
91,12,0,FALSE,FALSE,1,"6186573",19
136,13,0,FALSE,FALSE,3,"6186573",19
578,14,0,FALSE,FALSE,2,"6186573",19
326,15,0,FALSE,FALSE,2,"6186573",19
383,1,1,FALSE,FALSE,1,"6186573",20
210,2,1,FALSE,FALSE,2,"6186573",20
409,3,1,FALSE,FALSE,2,"6186573",20
162,4,1,FALSE,FALSE,2,"6186573",20
364,5,1,FALSE,FALSE,3,"6186573",20
494,6,1,FALSE,FALSE,3,"6186573",20
492,7,2,TRUE,FALSE,3,"6186573",20
398,8,1,FALSE,TRUE,3,"6186573",20
375,9,1,FALSE,FALSE,4,"6186573",20
129,10,1,FALSE,FALSE,4,"6186573",20
58,11,1,FALSE,FALSE,4,"6186573",20
91,12,0,FALSE,FALSE,1,"6186573",20
136,13,0,FALSE,FALSE,3,"6186573",20
578,14,0,FALSE,FALSE,2,"6186573",20
326,15,0,FALSE,FALSE,2,"6186573",20
383,1,1,FALSE,FALSE,1,"6186573",21
210,2,1,FALSE,FALSE,2,"6186573",21
409,3,1,FALSE,FALSE,2,"6186573",21
162,4,1,FALSE,FALSE,2,"6186573",21
326,5,1,FALSE,FALSE,2,"6186573",21
364,6,2,TRUE,FALSE,3,"6186573",21
492,7,1,FALSE,FALSE,3,"6186573",21
398,8,1,FALSE,TRUE,3,"6186573",21
375,9,1,FALSE,FALSE,4,"6186573",21
129,10,1,FALSE,FALSE,4,"6186573",21
58,11,1,FALSE,FALSE,4,"6186573",21
91,12,0,FALSE,FALSE,1,"6186573",21
494,13,0,FALSE,FALSE,3,"6186573",21
136,14,0,FALSE,FALSE,3,"6186573",21
578,15,0,FALSE,FALSE,2,"6186573",21
47,1,1,FALSE,FALSE,1,"1077612",1
593,2,1,FALSE,FALSE,2,"1077612",1
45,3,1,FALSE,FALSE,2,"1077612",1
311,4,1,FALSE,FALSE,2,"1077612",1
350,5,1,FALSE,FALSE,2,"1077612",1
372,6,1,FALSE,FALSE,3,"1077612",1
328,7,2,TRUE,FALSE,3,"1077612",1
181,8,1,FALSE,FALSE,3,"1077612",1
298,9,1,FALSE,FALSE,3,"1077612",1
566,10,1,FALSE,FALSE,4,"1077612",1
4,11,1,FALSE,TRUE,4,"1077612",1
513,12,0,FALSE,FALSE,1,"1077612",1
363,13,0,FALSE,FALSE,2,"1077612",1
453,14,0,FALSE,FALSE,4,"1077612",1
360,15,0,FALSE,FALSE,3,"1077612",1
47,1,1,FALSE,FALSE,1,"1077612",2
593,2,1,FALSE,FALSE,2,"1077612",2
45,3,1,FALSE,FALSE,2,"1077612",2
311,4,1,FALSE,FALSE,2,"1077612",2
350,5,1,FALSE,TRUE,2,"1077612",2
372,6,1,FALSE,FALSE,3,"1077612",2
328,7,2,TRUE,FALSE,3,"1077612",2
181,8,1,FALSE,FALSE,3,"1077612",2
298,9,1,FALSE,FALSE,3,"1077612",2
453,10,1,FALSE,FALSE,4,"1077612",2
4,11,1,FALSE,FALSE,4,"1077612",2
513,12,0,FALSE,FALSE,1,"1077612",2
363,13,0,FALSE,FALSE,2,"1077612",2
566,14,0,FALSE,FALSE,4,"1077612",2
360,15,0,FALSE,FALSE,3,"1077612",2
47,1,1,FALSE,FALSE,1,"1077612",3
45,2,1,FALSE,FALSE,2,"1077612",3
363,3,1,FALSE,FALSE,2,"1077612",3
311,4,1,FALSE,FALSE,2,"1077612",3
350,5,1,FALSE,TRUE,2,"1077612",3
181,6,1,FALSE,FALSE,3,"1077612",3
372,7,1,FALSE,FALSE,3,"1077612",3
328,8,2,TRUE,FALSE,3,"1077612",3
54,9,1,FALSE,FALSE,3,"1077612",3
566,10,1,FALSE,FALSE,4,"1077612",3
4,11,1,FALSE,FALSE,4,"1077612",3
513,12,0,FALSE,FALSE,1,"1077612",3
360,13,0,FALSE,FALSE,3,"1077612",3
453,14,0,FALSE,FALSE,4,"1077612",3
593,15,0,FALSE,FALSE,2,"1077612",3
47,1,1,FALSE,FALSE,1,"1077612",4
593,2,1,FALSE,FALSE,2,"1077612",4
311,3,1,FALSE,FALSE,2,"1077612",4
350,4,1,FALSE,TRUE,2,"1077612",4
360,5,1,FALSE,FALSE,3,"1077612",4
372,6,1,FALSE,FALSE,3,"1077612",4
328,7,2,TRUE,FALSE,3,"1077612",4
54,8,1,FALSE,FALSE,3,"1077612",4
566,9,1,FALSE,FALSE,4,"1077612",4
389,10,1,FALSE,FALSE,4,"1077612",4
4,11,1,FALSE,FALSE,4,"1077612",4
513,12,0,FALSE,FALSE,1,"1077612",4
181,13,0,FALSE,FALSE,3,"1077612",4
45,14,0,FALSE,FALSE,2,"1077612",4
363,15,0,FALSE,FALSE,2,"1077612",4
47,1,1,FALSE,FALSE,1,"1077612",5
593,2,1,FALSE,FALSE,2,"1077612",5
311,3,1,FALSE,FALSE,2,"1077612",5
350,4,1,FALSE,FALSE,2,"1077612",5
360,5,1,FALSE,FALSE,3,"1077612",5
372,6,1,FALSE,FALSE,3,"1077612",5
328,7,2,TRUE,FALSE,3,"1077612",5
54,8,1,FALSE,TRUE,3,"1077612",5
181,9,1,FALSE,FALSE,3,"1077612",5
389,10,1,FALSE,FALSE,4,"1077612",5
4,11,1,FALSE,FALSE,4,"1077612",5
513,12,0,FALSE,FALSE,1,"1077612",5
566,13,0,FALSE,FALSE,4,"1077612",5
45,14,0,FALSE,FALSE,2,"1077612",5
363,15,0,FALSE,FALSE,2,"1077612",5
47,1,1,FALSE,FALSE,1,"1077612",6
593,2,1,FALSE,FALSE,2,"1077612",6
311,3,1,FALSE,FALSE,2,"1077612",6
350,4,1,FALSE,FALSE,2,"1077612",6
45,5,1,FALSE,FALSE,2,"1077612",6
625,6,1,FALSE,FALSE,3,"1077612",6
372,7,1,FALSE,FALSE,3,"1077612",6
328,8,2,TRUE,FALSE,3,"1077612",6
54,9,1,FALSE,TRUE,3,"1077612",6
389,10,1,FALSE,FALSE,4,"1077612",6
4,11,1,FALSE,FALSE,4,"1077612",6
513,12,0,FALSE,FALSE,1,"1077612",6
298,13,0,FALSE,FALSE,3,"1077612",6
566,14,0,FALSE,FALSE,4,"1077612",6
363,15,0,FALSE,FALSE,2,"1077612",6
47,1,1,FALSE,FALSE,1,"1077612",7
593,2,1,FALSE,FALSE,2,"1077612",7
311,3,1,FALSE,FALSE,2,"1077612",7
350,4,1,FALSE,FALSE,2,"1077612",7
363,5,1,FALSE,FALSE,2,"1077612",7
625,6,1,FALSE,FALSE,3,"1077612",7
372,7,1,FALSE,FALSE,3,"1077612",7
328,8,2,TRUE,FALSE,3,"1077612",7
54,9,1,FALSE,FALSE,3,"1077612",7
298,10,1,FALSE,FALSE,3,"1077612",7
4,11,1,FALSE,TRUE,4,"1077612",7
513,12,0,FALSE,FALSE,1,"1077612",7
389,13,0,FALSE,FALSE,4,"1077612",7
566,14,0,FALSE,FALSE,4,"1077612",7
45,15,0,FALSE,FALSE,2,"1077612",7
47,1,1,FALSE,FALSE,1,"1077612",8
593,2,1,FALSE,FALSE,2,"1077612",8
311,3,1,FALSE,FALSE,2,"1077612",8
350,4,1,FALSE,FALSE,2,"1077612",8
625,5,1,FALSE,FALSE,3,"1077612",8
372,6,1,FALSE,FALSE,3,"1077612",8
328,7,2,TRUE,FALSE,3,"1077612",8
298,8,1,FALSE,FALSE,3,"1077612",8
54,9,1,FALSE,TRUE,3,"1077612",8
566,10,1,FALSE,FALSE,4,"1077612",8
4,11,1,FALSE,FALSE,4,"1077612",8
513,12,0,FALSE,FALSE,1,"1077612",8
363,13,0,FALSE,FALSE,2,"1077612",8
110,14,0,FALSE,FALSE,4,"1077612",8
45,15,0,FALSE,FALSE,2,"1077612",8
47,1,1,FALSE,FALSE,1,"1077612",9
593,2,1,FALSE,FALSE,2,"1077612",9
311,3,1,FALSE,FALSE,2,"1077612",9
350,4,1,FALSE,FALSE,2,"1077612",9
625,5,1,FALSE,FALSE,3,"1077612",9
372,6,1,FALSE,FALSE,3,"1077612",9
328,7,2,TRUE,FALSE,3,"1077612",9
54,8,1,FALSE,TRUE,3,"1077612",9
298,9,1,FALSE,FALSE,3,"1077612",9
110,10,1,FALSE,FALSE,4,"1077612",9
4,11,1,FALSE,FALSE,4,"1077612",9
513,12,0,FALSE,FALSE,1,"1077612",9
566,13,0,FALSE,FALSE,4,"1077612",9
172,14,0,FALSE,FALSE,2,"1077612",9
45,15,0,FALSE,FALSE,2,"1077612",9
47,1,1,FALSE,FALSE,1,"1077612",10
172,2,1,FALSE,FALSE,2,"1077612",10
311,3,1,FALSE,FALSE,2,"1077612",10
350,4,1,FALSE,FALSE,2,"1077612",10
625,5,1,FALSE,FALSE,3,"1077612",10
372,6,1,FALSE,FALSE,3,"1077612",10
328,7,2,TRUE,FALSE,3,"1077612",10
54,8,1,FALSE,TRUE,3,"1077612",10
298,9,1,FALSE,FALSE,3,"1077612",10
110,10,1,FALSE,FALSE,4,"1077612",10
4,11,1,FALSE,FALSE,4,"1077612",10
443,12,0,FALSE,FALSE,1,"1077612",10
566,13,0,FALSE,FALSE,4,"1077612",10
593,14,0,FALSE,FALSE,2,"1077612",10
45,15,0,FALSE,FALSE,2,"1077612",10
443,1,1,FALSE,FALSE,1,"1077612",11
593,2,1,FALSE,FALSE,2,"1077612",11
311,3,1,FALSE,FALSE,2,"1077612",11
350,4,1,FALSE,FALSE,2,"1077612",11
625,5,1,FALSE,FALSE,3,"1077612",11
372,6,1,FALSE,FALSE,3,"1077612",11
328,7,2,TRUE,FALSE,3,"1077612",11
54,8,1,FALSE,FALSE,3,"1077612",11
566,9,1,FALSE,TRUE,4,"1077612",11
110,10,1,FALSE,FALSE,4,"1077612",11
4,11,1,FALSE,FALSE,4,"1077612",11
47,12,0,FALSE,FALSE,1,"1077612",11
199,13,0,FALSE,FALSE,3,"1077612",11
172,14,0,FALSE,FALSE,2,"1077612",11
70,15,0,FALSE,FALSE,2,"1077612",11
47,1,1,FALSE,FALSE,1,"1077612",12
593,2,1,FALSE,FALSE,2,"1077612",12
399,3,1,FALSE,FALSE,2,"1077612",12
350,4,1,FALSE,FALSE,2,"1077612",12
70,5,1,FALSE,FALSE,2,"1077612",12
625,6,1,FALSE,FALSE,3,"1077612",12
372,7,1,FALSE,TRUE,3,"1077612",12
328,8,2,TRUE,FALSE,3,"1077612",12
54,9,1,FALSE,FALSE,3,"1077612",12
566,10,1,FALSE,FALSE,4,"1077612",12
110,11,1,FALSE,FALSE,4,"1077612",12
443,12,0,FALSE,FALSE,1,"1077612",12
311,13,0,FALSE,FALSE,2,"1077612",12
199,14,0,FALSE,FALSE,3,"1077612",12
4,15,0,FALSE,FALSE,4,"1077612",12
443,1,1,FALSE,FALSE,1,"1077612",13
593,2,1,FALSE,FALSE,2,"1077612",13
311,3,1,FALSE,FALSE,2,"1077612",13
399,4,1,FALSE,FALSE,2,"1077612",13
372,5,1,FALSE,FALSE,3,"1077612",13
328,6,2,TRUE,FALSE,3,"1077612",13
199,7,1,FALSE,FALSE,3,"1077612",13
54,8,1,FALSE,FALSE,3,"1077612",13
566,9,1,FALSE,FALSE,4,"1077612",13
110,10,1,FALSE,TRUE,4,"1077612",13
4,11,1,FALSE,FALSE,4,"1077612",13
47,12,0,FALSE,FALSE,1,"1077612",13
625,13,0,FALSE,FALSE,3,"1077612",13
350,14,0,FALSE,FALSE,2,"1077612",13
70,15,0,FALSE,FALSE,2,"1077612",13
47,1,1,FALSE,FALSE,1,"1077612",14
70,2,1,FALSE,FALSE,2,"1077612",14
311,3,1,FALSE,FALSE,2,"1077612",14
350,4,1,FALSE,FALSE,2,"1077612",14
199,5,1,FALSE,FALSE,3,"1077612",14
372,6,1,FALSE,FALSE,3,"1077612",14
328,7,2,TRUE,FALSE,3,"1077612",14
54,8,1,FALSE,FALSE,3,"1077612",14
566,9,1,FALSE,FALSE,4,"1077612",14
110,10,1,FALSE,TRUE,4,"1077612",14
4,11,1,FALSE,FALSE,4,"1077612",14
443,12,0,FALSE,FALSE,1,"1077612",14
71,13,0,FALSE,FALSE,3,"1077612",14
593,14,0,FALSE,FALSE,2,"1077612",14
399,15,0,FALSE,FALSE,2,"1077612",14
47,1,1,FALSE,FALSE,1,"1077612",15
70,2,1,FALSE,FALSE,2,"1077612",15
593,3,1,FALSE,FALSE,2,"1077612",15
350,4,1,FALSE,FALSE,2,"1077612",15
71,5,1,FALSE,FALSE,3,"1077612",15
372,6,1,FALSE,FALSE,3,"1077612",15
199,7,1,FALSE,FALSE,3,"1077612",15
54,8,2,TRUE,FALSE,3,"1077612",15
566,9,1,FALSE,FALSE,4,"1077612",15
110,10,1,FALSE,TRUE,4,"1077612",15
4,11,1,FALSE,FALSE,4,"1077612",15
443,12,0,FALSE,FALSE,1,"1077612",15
328,13,0,FALSE,FALSE,3,"1077612",15
311,14,0,FALSE,FALSE,2,"1077612",15
399,15,0,FALSE,FALSE,2,"1077612",15
47,1,1,FALSE,FALSE,1,"1077612",16
70,2,1,FALSE,FALSE,2,"1077612",16
311,3,1,FALSE,FALSE,2,"1077612",16
399,4,1,FALSE,FALSE,2,"1077612",16
350,5,1,FALSE,FALSE,2,"1077612",16
71,6,1,FALSE,FALSE,3,"1077612",16
328,7,2,TRUE,FALSE,3,"1077612",16
54,8,1,FALSE,FALSE,3,"1077612",16
199,9,1,FALSE,FALSE,3,"1077612",16
566,10,1,FALSE,FALSE,4,"1077612",16
4,11,1,FALSE,TRUE,4,"1077612",16
443,12,0,FALSE,FALSE,1,"1077612",16
372,13,0,FALSE,FALSE,3,"1077612",16
110,14,0,FALSE,FALSE,4,"1077612",16
593,15,0,FALSE,FALSE,2,"1077612",16
47,1,1,FALSE,FALSE,1,"1077612",17
311,2,1,FALSE,FALSE,2,"1077612",17
399,3,1,FALSE,FALSE,2,"1077612",17
350,4,1,FALSE,FALSE,2,"1077612",17
372,5,1,FALSE,FALSE,3,"1077612",17
71,6,1,FALSE,FALSE,3,"1077612",17
328,7,2,TRUE,FALSE,3,"1077612",17
54,8,1,FALSE,FALSE,3,"1077612",17
566,9,1,FALSE,FALSE,4,"1077612",17
110,10,1,FALSE,TRUE,4,"1077612",17
4,11,1,FALSE,FALSE,4,"1077612",17
443,12,0,FALSE,FALSE,1,"1077612",17
593,13,0,FALSE,FALSE,2,"1077612",17
70,14,0,FALSE,FALSE,2,"1077612",17
199,15,0,FALSE,FALSE,3,"1077612",17
443,1,1,FALSE,FALSE,1,"1077612",18
311,2,1,FALSE,FALSE,2,"1077612",18
399,3,1,FALSE,FALSE,2,"1077612",18
350,4,1,FALSE,FALSE,2,"1077612",18
70,5,1,FALSE,FALSE,2,"1077612",18
71,6,1,FALSE,FALSE,3,"1077612",18
328,7,2,TRUE,FALSE,3,"1077612",18
54,8,1,FALSE,FALSE,3,"1077612",18
566,9,1,FALSE,FALSE,4,"1077612",18
110,10,1,FALSE,FALSE,4,"1077612",18
4,11,1,FALSE,TRUE,4,"1077612",18
47,12,0,FALSE,FALSE,1,"1077612",18
372,13,0,FALSE,FALSE,3,"1077612",18
199,14,0,FALSE,FALSE,3,"1077612",18
593,15,0,FALSE,FALSE,2,"1077612",18
443,1,1,FALSE,FALSE,1,"1077612",19
70,2,1,FALSE,FALSE,2,"1077612",19
399,3,1,FALSE,FALSE,2,"1077612",19
311,4,1,FALSE,FALSE,2,"1077612",19
350,5,1,FALSE,FALSE,2,"1077612",19
328,6,2,TRUE,FALSE,3,"1077612",19
199,7,1,FALSE,FALSE,3,"1077612",19
54,8,1,FALSE,FALSE,3,"1077612",19
432,9,1,FALSE,FALSE,3,"1077612",19
566,10,1,FALSE,FALSE,4,"1077612",19
110,11,1,FALSE,FALSE,4,"1077612",19
47,12,0,FALSE,FALSE,1,"1077612",19
4,13,0,FALSE,TRUE,4,"1077612",19
71,14,0,FALSE,FALSE,3,"1077612",19
593,15,0,FALSE,FALSE,2,"1077612",19
443,1,1,FALSE,FALSE,1,"1077612",20
70,2,1,FALSE,FALSE,2,"1077612",20
399,3,1,FALSE,FALSE,2,"1077612",20
311,4,1,FALSE,FALSE,2,"1077612",20
350,5,1,FALSE,FALSE,2,"1077612",20
71,6,1,FALSE,FALSE,3,"1077612",20
432,7,1,FALSE,FALSE,3,"1077612",20
328,8,2,TRUE,FALSE,3,"1077612",20
199,9,1,FALSE,FALSE,3,"1077612",20
110,10,1,FALSE,TRUE,4,"1077612",20
566,11,1,FALSE,FALSE,4,"1077612",20
47,12,0,FALSE,FALSE,1,"1077612",20
54,13,0,FALSE,FALSE,3,"1077612",20
4,14,0,FALSE,FALSE,4,"1077612",20
533,15,0,FALSE,FALSE,2,"1077612",20
47,1,1,FALSE,FALSE,1,"1077612",21
311,2,1,FALSE,FALSE,2,"1077612",21
399,3,1,FALSE,FALSE,2,"1077612",21
350,4,1,FALSE,FALSE,2,"1077612",21
199,5,1,FALSE,TRUE,3,"1077612",21
71,6,1,FALSE,FALSE,3,"1077612",21
328,7,2,TRUE,FALSE,3,"1077612",21
54,8,1,FALSE,FALSE,3,"1077612",21
432,9,1,FALSE,FALSE,3,"1077612",21
110,10,1,FALSE,FALSE,4,"1077612",21
4,11,1,FALSE,FALSE,4,"1077612",21
443,12,0,FALSE,FALSE,1,"1077612",21
70,13,0,FALSE,FALSE,2,"1077612",21
566,14,0,FALSE,FALSE,4,"1077612",21
533,15,0,FALSE,FALSE,2,"1077612",21
